screen_name,name,description
Porsche,Porsche,The official Twitter handle of Porsche Cars North America. Our Customer Care team is here to help. Tweet #PorscheCares or call 1-800-PORSCHE for assistance.
Lamborghini,Lamborghini,Visionary | Cutting Edge | Pure Super Sports Car Maker. #Lamborghini
Audi,Audi,Audi of America.
MercedesBenz,Mercedes-Benz,Welcome to Mercedes-Benz – stay informed and follow us. For technical assistance please contact your local dealer. Provider: http://mercedes-benz.com/provider
astonmartin,Aston Martin,"The only official Twitter account of Aston Martin Lagonda. Tweets of Power, Beauty and Soul. #astonmartin"
BMW,BMW,Welcome to the official #BMW account. http://www.bmw.com/imprint
BentleyMotors,Bentley Motors,"Welcome to the official Twitter feed for Bentley Motors. The closer you look, the more you see. #BeExtraordinary"
Jaguar,Jaguar,"Official Jaguar worldwide Twitter account for news, videos and photos from Jaguar cars, home to #FTYPE, #XE, #XF, #XJ and #FPACE."
Maserati_HQ,Maserati,"Elegance, style, sportiness and performance with a long and glorious heritage. #Maserati, a tradition of innovation.
http://www.maserati.com"
YouTube,YouTube,lol watch this
twitter,Twitter,"Your official source for news, updates and tips from Twitter, Inc. Need help? Visit http://support.twitter.com."
rollsroycecars,Rolls-RoyceMotorCars,Welcome to the official home of Rolls-Royce Motor Cars on Twitter. Follow us for news and behind-the-scenes stories on all models.
katyperry,KATY PERRY,Rising...
Lexus,Lexus,"Pursuing perfection one tweet at a time. Please contact: http://bit.ly/ContactLexus for customer service inquiries. 

http://lexus.us/LexusTeam on Twitter."
taylorswift13,Taylor Swift,Born in 1989.
chevrolet,Chevrolet,Talking Chevrolet one tweet at a time. #FindNewRoads http://s.chevy.com/pSD
Ford,Ford Motor Company,Our mission is to deliver great products and make the world a better place. Go Further. http://social.ford.com.
MercedesAMG,Mercedes-AMG,"The official #AMG account. Follow us for announcements, updates & exclusives!(Provider: http://amg4.me/GetlXtRy) http://amg4.me/Efficiency-Statement"
MBUSA,Mercedes-Benz USA?,"Welcome to the official Mercedes-Benz USA Twitter feed, home to Mercedes-Benz owners, aficionados and automotive enthusiasts."
Honda,Honda,"Official news & information from Honda's Social team at American Honda HQ in Torrance, Calif. For Customer Service ?'s tweet @HondaCustSvc"
LandRover,Land Rover,Welcome to the official Land Rover Twitter - follow us for updates on the iconic British automotive brand.
Cristiano,Cristiano Ronaldo,This Privacy Policy addresses the collection and use of personal information - http://www.cristianoronaldo.com/terms
Cadillac,Cadillac,"“At Cadillac, we dare greatly. Only those who dare drive the world forward.”"
jtimberlake,Justin Timberlake,#CantStopTheFeeling
rihanna,Rihanna,Get #ANTI now: http://smarturl.it/daANTI
Dodge,Dodge,The official Twitter of Dodge. For more: http://facebook.com/dodge   http://instagram.com/dodgeofficial
NissanUSA,Nissan,"Official Twitter account of Nissan USA. 

Please contact @NissanSupport for customer service questions."
Jeep,Jeep,The official Twitter handle for the Jeep® brand. For more: https://www.instagram.com/jeep
JaguarUSA,Jaguar USA,Welcome to the official Twitter feed of Jaguar USA.
JLo,Jennifer Lopez,"New Single #LoveMakeTheWorldGoRound out Now! #ShadesOfBlue On NBC, http://jlo.lk/jlovegastickets"
britneyspears,Britney Spears,My new album #Glory is out now!
justinbieber,Justin Bieber,Let's make the world better. Join @bkstg and add me on @shots 'justinbieber'. OUR new single COLD WATER out now. OUR new album PURPOSE out NOW
GM,General Motors,"Bringing GM information to Twitter one tweet at a time from @AnneERoberts (^AR), @psullivan85 (^PS), @kreutztweets (^AK), @ejwesterheide (^EW)"
VW,Volkswagen USA,Official Volkswagen USA Twitter account. Having trouble with your VW? Tweet @VWCares for assistance. http://www.vw.com/terms/
selenagomez,Selena Gomez,#REVIVAL out NOW. http://smarturl.it/SGRevival Get The Revival Tour Line: http://smarturl.it/SGRevivalD2C
Microsoft,Microsoft,The official Twitter page for Microsoft consumer products and your source for major announcements and events.
BMWGroup,BMW Group,Welcome to the official #BMWGroup account. Imprint: http://bit.ly/Imprint1
Android,Android,"News, tips, and tricks direct from the Android team."
ladygaga,Lady Gaga,#PerfectIllusion
KimKardashian,Kim Kardashian West,
instagram,Instagram,Discovering — and telling — stories from around the world. Curated by Instagram's community team. Need help? Visit http://help.instagram.com.
Nike,Nike,#justdoit
Toyota,Toyota USA,The world is joining hands! Be part of the movement and share your #LetsJoinHands video Official tweets from Toyota #LetsGoPlaces
ArianaGrande,Ariana Grande,dangerous woman
BMWUSA,BMW USA,"Welcome to BMW USA's official Twitter account. Follow us for the latest news, info and highlights from the Ultimate Driving Machine."
ChampionsLeague,Champions League,The official home of the UEFA Champions League on Twitter.     Spanish account: @LigadeCampeones U19: @UEFAYouthLeague
Bugatti,Bugatti,Official #Bugatti Twitter feed
davidguetta,David Guetta,Official David Guetta Twitter Page. http://instagram.com/davidguetta
EmWatson,Emma Watson,"British actress, Goodwill Ambassador for UN Women"
Windows,Windows,"Windows news, product info & global stories of people using Windows technology to #DoGreatThings. For support tweet @WindowsSupport"
KingJames,LeBron James,EST. AKRON - ST.V/M Class of '03  http://LeBronJamesFamilyFoundation.org #IPROMISE
premierleague,Premier League,Official Twitter account of the Premier League. The official Premier League app is now LIVE and FREE to download http://preml.ge/app
FordMustang,Ford Mustang,Celebrating 50 years of innovation and turning heads with the 2016 Ford Mustang. Find all the latest right here. #Ford #Mustang #GoFurther
ddlovato,Demi Lovato,"Singer, songwriter, actress, entrepreneur, and philanthropist. Get #BodySay on @iTunes now!! http://smarturl.it/DemiLovatoBodySay"
pitbull,Pitbull,Mr. Worldwide. Musician. Entertainer. Entrepreneur.
PlayStation,PlayStation,"Official Twitter updates on PlayStation, PS4, PS VR, PS3, PS Vita, and PSN. Titles rated E-M. Support channel: @AskPlayStation"
NBA,NBA,"30 teams, 1 goal. #ThisIsWhyWePlay"
LandRoverUSA,Land Rover USA,"Adventure on-road and off-road. Our social media team is here Mon-Fri 9 AM – 5 PM. For issues concerning your Land Rover vehicle, call 1-800-FINE-4WD #9."
Adele,Adele,http://adele.com
realmadrid,Real Madrid C. F.,"Cuenta oficial del Real Madrid C.F., ENGLISH @realmadriden, FRANÇAIS @realmadridfra, ??????? @realmadridarab, ??? @realmadridjapan."
googlechrome,Google Chrome,"The official Twitter account for the Google Chrome browser, OS, Chromebooks, Chromecast, and Web Store"
neymarjr,Neymar Jr,"Filho de Deus, Pai, Feliz e Ousado !"
GooglePlay,Google Play,"We’re exploring the world’s greatest stories through movies, TV, music, games, apps, books and so much more. Up for new adventures and discoveries? Let’s play."
FIFAcom,FIFA.com,"Bringing you interviews, features and news on FIFA and our 211 Member Associations. http://fb.com/fifa"
Drake,Drizzy,Views From The 6
LilTunechi,Lil Wayne WEEZY F,IM YOUNG MONEY http://trukfit.com
KAKA,Kaka,http://www.kakaww.com
Pink,P!nk,it's all happening
McLarenAuto,McLaren Automotive,"The official McLaren Automotive feed. Born & raised on the track, we use racing technology & expertise to create the most advanced performance cars in the world"
adidas,adidas,
subaru_usa,Subaru,Official Twitter for Subaru of America. For customer service inquiries we're happy to assist at 1-800-SUBARU3.
WayneRooney,Wayne Rooney,@NikeUK athlete https://www.facebook.com/WayneRooney @triplessports
Sony,Sony,The official Twitter account for Sony in the United States.
Xbox,Xbox,"Welcome to the official @Xbox Twitter feed, your source for news, console info, game releases, events, sports, & more. For help, please contact @XboxSupport."
xtina,Christina Aguilera,
ThisIsGMC,GMC,"GMC Trucks, SUVs and Crossovers. 
Engineering Excellence."
wizkhalifa,Wiz Khalifa,Taylor Gang
aliciakeys,Alicia Keys,"Passionate about my work, in love with my family and dedicated to spreading light. It's contagious! ;-) http://incommon.aliciakeys.com"
FCBarcelona,FC Barcelona,"More official accounts @fcbarcelona_cat @fcbarcelona_es @fcbarcelona_br @fcbarcelona_jp @fcbarcelona_id, @fcbarcelona_ara @fcbarcelona_fra @fcbarcelona_tr"
MonsterEnergy,Monster Energy,"#UnleashTheBeast http://Facebook.com/MonsterEnergy http://Instagram.com/MonsterEnergy 
http://snapchat.com/add/monsterenergy
http://MonsterEnergy.com"
LouisVuitton,Louis Vuitton,The official Twitter page for Louis Vuitton Worldwide. Contact client services at @LVServices for customer assistance and personalised advice.
MazdaUSA,Mazda USA,#DrivingMatters
gmail,Gmail,"News, tips and tricks from the Gmail team. Need help? Fly on over to our Help Center or forum."
MTV,MTV,? tweets by @kaitiii | snapchat: mtv
maroon5,Maroon 5,"This is the Official Twitter page for Maroon 5
@adamlevine @jamesbvalentine @JRCarmichael and @pjmorton. #V out now! http://smarturl.it/M5V"
TheRock,Dwayne Johnson,Dude.
MesutOzil1088,Mesut Özil,Football player for @arsenal & @DFB_Team
RockstarGames,Rockstar Games,"The official home of Rockstar Games on Twitter. Publishers of such popular games as Grand Theft Auto, Max Payne, Red Dead Redemption, L.A. Noire, Bully & more."
adidasoriginals,adidas Originals,Three Stripes. Past. Present. Future.
coldplay,Coldplay,"New album, A Head Full Of Dreams, out now worldwide. #AHFODtour runs through 2016. Spanish language account: @coldplay_es"
FiatChrysler_NA,FCA-North America,"Fiat Chrysler Automobiles tweets by Mike Driehorst (^MD), Betty Newman (^BN), Dale Jewett (^DJ), Ed Cardenas (^EC)."
Dior,Dior,
GarethBale11,Gareth Bale,Footballer. @realmadrid and @FAWales. Instagram - http://Instagram.com/garethbale11
nikestore,Nike.com,Your online provider for Nike products worldwide.
Eminem,Marshall Mathers,Southpaw: Music From and Inspired by the Motion Picture: http://smarturl.it/SouthpawMusic
AvrilLavigne,Avril Lavigne,Get 'Avril Lavigne' on iTunes now: http://avrl.la/alitunes
Hyundai,Hyundai USA,We believe making better cars starts by putting ordinary in the backseat and people in the driver’s seat. Follow us for news from the road.
andresiniesta8,Andrés Iniesta,"FC Barcelona player. 
Born in Fuentealbilla 11 May 1984"
kourtneykardash,Kourtney Kardashian,Heartless
BrunoMars,Bruno Mars,
10Ronaldinho,Ronaldinho Gaúcho,Página oficial do jogador Ronaldinho Gaúcho. Duas vezes eleito o melhor do mundo pela FIFA. ronaldinho@jokercom.com
Skype,Skype,The latest news and updates from the team at Skype. Follow the link below to discover all the wonderful things Skype has to offer.
3gerardpique,Gerard Piqué,FCBarcelona | Football Player
AppleMusic,Apple Music,All the ways you love music. All in one place.
XabiAlonso,Xabi Alonso,Cuenta oficial de Xabi Alonso
iamwill,i.am+,#WHEREStheLOVE August 31st.
MileyCyrus,Miley Ray Cyrus,Miley Cyrus & Her Dead Petz out now fo freeeeeee mothaaaa fuckazzz!
CHANEL,CHANEL,"CHANEL is above all a style. Fashion passes, style remains.' Gabrielle Chanel"
RafaelNadal,Rafa Nadal,Tennis player.
EA,Electronic Arts,"Official Twitter account for EA. Follow for updates on all your favorite EA games. For account help, visit http://help.ea.com or Tweet @AskEASupport."
FerrariUSA,Ferrari USA,"The Official Twitter feed of Ferrari North America. Follow us for up-to-date, news, events & information."
PUMA,PUMA,"Since 1948, PUMA has changed the game with speed, spontaneity, and performance innovation. Get a behind the scenes look at all things #ForeverFaster."
mitsucars,Mitsubishi USA,Welcome to the official Twitter page of Mitsubishi Motors North America.  Making spirited cars for spirited people since 1917.
onedirection,One Direction,1D's album Made in the A.M. is OUT NOW: http://smarturl.it/1DmitamDXiT |
kobebryant,Kobe Bryant,CEO Kobe Inc. Publisher. Investor. Producer.
Persie_Official,Robin van Persie,@Fenerbahce
FIFAWorldCup,FIFA World Cup,Updates for Russia 2018 provided by the Official Site of the FIFA World Cup
dolcegabbana,Dolce & Gabbana,
BMWUSAnews,BMWUSA News,"Your official BMW USA feed, delivering the latest BMW USA news, announcements + events in real-time via BMW Group’s Corporate Communications Team"
KendallJenner,Kendall,Model • The Society Management // Elite Paris // Elite London // Elite Milan
CalvinHarris,Calvin Harris,Music producer
khloekardashian,Khloé,Get my official app #unlockmyworld http://AppStore.com/KhloeKardashian
armani,Armani,http://Armani.com
ManUtd,Manchester United,Official account of Manchester United FC ??
vine,Vine,Vine is an entertainment community where things happen fast. Sign up for #beyondtheVine at the link below!
AppStore,App Store,
CalvinKlein,Calvin Klein,"Calvin Klein is a global lifestyle brand that exemplifies bold, progressive ideals and a seductive, and often minimal, aesthetic."
facebook,Facebook,Giving people the power to share and make the world more open and connected.
googlemaps,Google Maps,Photographic dispatches from Planet Earth.
DavidLuiz_4,David Luiz,Enjoy the life!
RamTrucks,RamTrucks,"The Official Twitter of Ram Trucks. 
 
http://facebook.com/RamTrucks
http://instagram.com/RamTrucks"
Buick,Buick,Experience a different kind of luxury. Discover more at
Pharrell,Pharrell Williams,@i_am_OTHER
redbull,Red Bull,#givesyouwings
KylieJenner,Kylie Jenner,http://thekyliejenner.com http://appstore.com/KylieJenner
ParisHilton,Paris Hilton,My new fragrance #GoldRush is now available ?
adidasfootball,adidasfootball,"Fast is good. But nothing beats first. X16, ACE16 and Messi16 from the Speed of Light pack. Available now. #FirstNeverFollows"
ChelseaFC,Chelsea FC,The official Twitter account of Chelsea FC. For enquiries visit: http://che.lc/iBt6ES
RobertDowneyJr,Robert Downey Jr,You know who I am.
UEFAcom,UEFA.com,http://UEFA.com - The official website for European football. Bringing you the latest from across Europe.
Guaje7Villa,David Villa,Jugador del @NYCFC / @NYCFCEspanol
jessicaalba,Jessica Alba,"Mom of 2, Founder of The Honest Company, amateur chef, terrible speller, loyal friend, hilarious at times... I play make believe for a living"
EuropaLeague,UEFA Europa League,The official home of the UEFA Europa League on Twitter. #UEL
INFINITIUSA,INFINITI USA,"INFINITI USA Official Twitter account for news, info and events. Empower the drive. For Customer Service Inquiries, please contact @InfinitiCare."
DaniAlvesD2,Daniel Alves,"Dani Alves!! ( Juazeiro, Bahia, Brasil, 6 de maio de 1983),ATLETA PROFISSIONAL! Clube actual Juventus F.C Facebook: http://www.facebook.com/DaniAlvesD2"
MariahCarey,Mariah Carey,New album #1toInfinity out now!
realmadriden,Real Madrid C.F.,"Official Twitter account of Real Madrid C.F. ESPAÑOL @realmadrid, FRANÇAIS @realmadridfra, ??????? @realmadridarab, ??? @realmadridjapan."
Ubisoft,Ubisoft,Because we love games and so do you! Welcome to the official Ubisoft Twitter feed.
Arsenal,Arsenal FC,"The official club website brings you all the latest #Arsenal news, views and ticket information from Emirates Stadium

Follow:
@OfficialAFC_ID
@OfficialAFC_ES"
nikefootball,Nike Football,Never stop playing. Live the game with the Nike Football App: http://nike.com/footballapp
Carles5puyol,Carles Puyol,"Carles Puyol , born in La Pobla de Segur on April 13th, 1978. My facebook is http://www.facebook.com/puyol5carles"
Harry_Styles,Harry Styles.,Raconteur.  http://smarturl.it/1DmitamDXiT
DjokerNole,Novak Djokovic,"Laugh as long as you breathe, love as long as you live!"
Versace,Versace,"Founded by Gianni Versace in 1978, Versace is one of the world's leading international fashion brands and is a symbol of Italian style worldwide."
FCBarcelona_es,FC Barcelona,"Toda la actualidad y la información del FC Barcelona, Más que un club. Twitter oficial del FC Barcelona en español."
cesc4official,Cesc Fàbregas Soler,Proud dad of 2 beautiful baby girls. 29 years old. Central Midfielder for @ChelseaFC & @SEFutbol. Instagram: cescf4bregas Snapchat: cescky4
jamesdrodriguez,James Rodríguez,"Colombiano, jugador del Real Madrid C. F. y Selección Colombia, Bienvenidos. Hijo de Dios. #colombiasomostodos
Si crees en ti, ni el cielo será tu límite."
Kia,Kia Motors America,Welcome to the official Kia Motors America Twitter account. Love your Kia? Tell us! Have any questions? Ask them! We are here for you.
LuisSuarez9,Luis Suarez,"F.C. Barcelona player. Born in Salto, Uruguay 24 January 1987"
aguerosergiokun,Sergio Kun Aguero,Argentino. Títulos: Premier League Man City 2012 y 2014/Europa League y Supercopa 2010 con el Atleti/Mundial Sub 20 2005 y 2007 y JJ.OO. 2008 con la Selección
edsheeran,Ed Sheeran,x
CasillasWorld,Iker Casillas,http://Instagram.com/ikercasillasoficial
D_DeGea,David De Gea,
ParamountPics,Paramount Pictures,Welcome to the Official Twitter Page for Paramount Pictures.
TwitterMusic,Twitter Music,Music related Tweets from around the world.
wbpictures,Warner Bros Pictures,Welcome to the official Twitter page for Warner Bros. Pictures.
FALCAO,Radamel Falcao,Jugador profesional de fútbol.  Seguidor de Jesús.
Usher,Usher Raymond IV,Look through my eyes and witness life as I see it. Pre-order #HardIILove
CocaCola,Coca-Cola,
UniversalPics,Universal Pictures,Welcome to Universal Pictures via Twitter!
lindsaylohan,Lindsay Lohan,Artist. Instagram: @lindsaylohan https://www.facebook.com/LindsayLohan http://lindsaylohan.tumblr.com/
McDonalds,McDonald's,Welcome to the McDonald’s USA Twitter page! Customer Service: @Reachout_mcd - Global questions: @McDonaldsCorp
NiallOfficial,Niall Horan,Made in the AM ' out now ... http://smarturl.it/1DmitamDXiT
LMFAO,LMFAO,Sorry For Party Rocking..... Ya B*tch!!
victoriabeckham,Victoria Beckham,The Official Twitter page for Victoria Beckham
juanmata8,Juan Mata García,Twitter oficial del jugador del @ManUtd_ES y de la selección española / Official Twitter account of @ManUtd 's player
Beyonce,BEYONCÉ,
rioferdy5,Rio Ferdinand,Official Twitter account of Rio Ferdinand / Media Enquiries - info@neweraglobalsports.com / http://Instagram.com/rioferdy5 / SC - rioferdyfive
MarceloM12,Marcelotwelve,Don't ask me about my tattoos! VIVAZ Instagram: MARCELOTWELVE Facebook: Marcelo M12
InteractiveJag,Jaguar,The Official Jaguar USA Corporate Communications Twitter Page
LiamPayne,Liam,Payne enterprises
ToniKroos,Toni Kroos,"Official Twitter of Toni Kroos. Football player @RealMadrid @DFB_Team. @FIFAWorldCup winner 2014 / @ChampionsLeague winner 2013, 2016. My foundation @TKStiftung"
Vevo,Vevo,The official Twitter for Vevo. Get our free app: https://bnc.lt/WmIe/HTI47Z36mo Add us on Snapchat: http://www.snapchat.com/add/vevomusic
ZacEfron,Zac Efron,
20thcenturyfox,20th Century Fox,Welcome to the Official Twitter page for 20th Century Fox.
koenigsegg,Koenigsegg Official,Official Koenigsegg Twitter Feed
MINI,MINI,"Designed for the urban experience since 1959. Tweet your stories, pictures and more. Imprint: http://www.mini.com/imprint"
kelly_clarkson,Kelly Clarkson,I am Kelly.
Marvel,Marvel Entertainment,"The official Twitter for Marvel Comics, Movies, Games and more."
Ferrari,Ferrari,"Official account of #Ferrari, 
Italian Excellence that makes the world dream."
G_Higuain,Gonzalo Higuaín,Esta es mi cuenta oficial.Hasta la victoria siempre.Gracias. Instagram Oficial : ghiguain20_9
ashleytisdale,Ashley Tisdale,"Actress, producer, singer, professional illuminator. Shop #IlluminateByAshley:"
TwitterSports,Twitter Sports,Official Account run by the Global Sports Team @Twitter.
Louis_Tomlinson,Louis Tomlinson,"1/4 of One Direction :) We would be nowhere without our incredible fans, we owe it all to you."
official_flo,FLO RIDA,#MyHouse Available for download now! http://smarturl.it/MyHouseEP booking: freezy@imgstrongarm.com IMG/STRONGARM
bep,The Black Eyed Peas,#WHERESTHELOVE
LFC,Liverpool FC,"Official worldwide account of Liverpool FC, England's most successful club with 41 major honours #LFC"
tiesto,Tiësto,Your Love with DallasK is out now: https://musical-freedom.lnk.to/YourLove
carlyraejepsen,Carly Rae Jepsen,E•MO•TION Side B out now!
firefox,Firefox,go forth and internet freely
hazardeden10,Eden hazard,Chelsea FC
Mascherano,Javier Mascherano,http://www.facebook.com/Javier14Mascherano
NICKIMINAJ,NICKI MINAJ,https://itun.es/us/AYao5
MTVNews,MTV News,ahaaahaAhahaaha lmao @333333333433333
chrisbrown,Chris Brown,Official Chris Brown Twitter #GrassAintGreener is available everywhere now! http://smarturl.it/iGAG?IQid=tw
Akon,AKON,"Official Twitter account for Artist, Producer, Songwriter, Actor and Philanthropist, AKON For bookings Live@Konlive.com"
DisneyStudios,Walt Disney Studios,"The official Twitter for Walt Disney Studios where we can share news, videos, pics, and more from upcoming films with our fans!"
SonyPictures,Sony Pictures,Welcome to the Official Twitter Page for Sony Pictures. Watch trailers and more at http://YouTube.com/SonyPictures
WarnerBrosEnt,Warner Bros.,Welcome to the official Twitter page for Warner Bros. Entertainment.
pepsi,Pepsi™,"Enjoy a taste of Pepsi's world with an exclusive look into music, sports, and entertainment. http://Pepsi.com
Follow us on Instagram @Pepsi"
ManCity,Manchester City,The official Manchester City Twitter – Supporter Enquiries @ManCityHelp – Snapchat mcfcofficial http://manc.it/citysnapchat
MarioGoetze,Mario Götze,
usainbolt,Usain St. Leo Bolt,Anything is possible I don't think limits
Manuel_Neuer,Manuel Neuer,"Hier twittere ich Themen zum FC Bayern, der Nationalmannschaft und vieles mehr rund um den Fußball."
Jumpman23,Jordan,Soul. Performance. Style.    #WEAREJORDAN
SergioRamos,Sergio Ramos,"Cuenta oficial de Sergio Ramos. Capitán del Real Madrid C. F. y de la Selección Española de Fútbol. Corazón, carácter y pasión. IG: SR4Oficial"
BSchweinsteiger,Basti Schweinsteiger,Official Twitter account of Bastian Schweinsteiger - football player for @ManUtd.
YouTubeTrends,YouTube Trends,
Benzema,Karim Benzema,Football player - @equipedefrance @realmadrid
isco_alarcon,ISCO ALARCON,JUGADOR DEL REAL MADRID! Instagram iscoalarcon
JohnCena,John Cena,The 15x Champ is Here on Twitter! See me Tuesday nights on #SmackdownLIVE on @USA_Network! #NeverGiveUp
elliegoulding,Ellie Goulding,Do you want my heart between your teeth?
_Pedro17_,Pedro Rodríguez,Bienvenidos a mi cuenta oficial en Twitter / Welcome to my official Twitter account #CFC
21LVA,David Silva,Manchester City and Spanish international player.
hm,H&M,"Welcome to H&M's official Twitter account. For customer service, please tweet @hm_custserv or visit http://www.hm.com/contact."
VictoriaJustice,Victoria Justice,Never take anything for granted & treat others the way you want to be treated.  Snapchat= victoriajustice
IGGYAZALEA,IGGY AZALEA,#TEAM http://smarturl.it/iIggyTeam
Office,Microsoft Office,"Learn, see, do and explore more of what the world has to offer. Unleash your ideas with #Office."
NeYoCompound,NE-YO,N O N - F I C T I O N / / / snapchat: NEYO1979 http://Instagram.com/NEYO
FCBayern,FC Bayern München,"Offizielle Seite des #FCBayern
Intl: @FCBayernEN | @FCBayernES | @FCBayernUS | @FCBayernAR
Fans: @FCBayern_FB | Nachwuchs: @FCBjuniorteam | Frauen: @FCBfrauen"
billboard,billboard,"The world's most popular music charts, news, videos & more | @hot100fest @billboardbiz @billboarddance @billboardlatin | Tweets by @stefffles & @leslierichin"
1victorvaldes,Victor Valdes,Goalkeeper of Middlesbrough FC & Co-Founder of Tramontana Ventures
Ibra_official,Zlatan Ibrahimovi?,Official Twitter account of Swedish footballer Zlatan Ibrahimovic managed by Zlatan & his management
Disney,Disney,The official Twitter for Disney. Don’t miss a minute of the magic.
nikesportswear,Nike Sportswear,Sport Style Innovation
SkySports,Sky Sports ,"The official Sky Sports Twitter account. Bringing you the latest sports news, 24-7."
FinallyMario,Mario Balotelli,Official twitter page for Mario Balotelli! AC MILAN & ITALIA striker? Don't believe anything you read about me unless is coming from here?
Torres,Fernando Torres,Bienvenidos a mi perfil oficial en Twitter / Welcome to my official Twitter profile https://Instagram.com/fernandotorres https://www.facebook.com/Torres
andy_murray,Andy Murray,I play tennis.
YTCreators,YouTube Creators,#ContentGoals
linkinpark,LINKIN PARK,
officialpepe,Pepe,Bem-vindos ao meu perfil oficial de Twitter.
IGN,IGN ,"Reviews, previews, trailers, and videos that make you "
VanessaHudgens,Vanessa Hudgens,
BBVAworld,BBVA World,"Canal oficial de todos los territorios de BBVA: fútbol, NBA, tenis, alpinismo, gastronomía y mucho más"
WWE,WWE,"The official Twitter feed of WWE and its Superstars featuring the latest breaking news, photos, features and videos from http://WWE.com."
nickjonas,Nick Jonas,#LastYearWasComplicated is out now! Get it on @iTunes here:  http://smarturl.it/LastYearComplicated
aarbeloa17,Álvaro Arbeloa,"Success is not the key to happiness. Happiness is the key to success. If you love what you are doing, you will be successful."
HARDWELL,Hardwell,DJ/Producer | Label: @RevealedRec | Radioshow: @HardwellOnAir | snapchat: HARDWELL
EASPORTSFIFA,EA SPORTS FIFA,"Rated (E) for Everyone. Official EA SPORTS account for the FIFA franchise. By tweeting to us you're consenting its use in any media, including TV."
MartinGarrix,MARTIN GARRIX,#InTheNameOfLove OUT NOW ??? Bookings: katarina@aceagency.com MGMT: info@scooterbraun.com hello@watsematter.com
esmuellert_,Thomas Müller,Offizieller Twitter-Account von Fußball-Nationalspieler Thomas Müller
SpinninRecords,Spinnin' Records,Chicco Secci & CRISTIAN MARCHI 'Remãta' is out now! Get it here: https://spinninrecords.lnk.to/Remata!TwitterSR
luisnani,Nani,"The official twitter account of Nani, professional football player at @Valenciacf"
oscar8,Oscar,Twitter oficial do jogador Oscar! Oscar's Official twitter.
woodyinho,Marco Reus,Official Account of Marco Reus - German Football Player
AustinMahone,Austin Mahone,#AustinMahoneSendItWayUp IS OUT NOW http://mahone.us/SendItWayUp add me on Snapchat YungMahone
raphaelvarane,Raphaël Varane,Compte Twitter Officiel de Raphaël Varane - Joueur de football professionnel en Équipe de France - Club Real Madrid
steveaoki,Steve Aoki,I'll Sleep When I'm Dead now streaming on Netflix! Vote Steve Aoki for DJ Mag Top 100: http://smarturl.it/VoteAoki2016
BurgerKing,Burger King,The official Tweets of Burger King USA.
nikesoccer,Nike Soccer,Never stop playing. Live the game with the new Nike Soccer App: http://nike.com/soccerapp
channingtatum,Channing Tatum,Actor - Producer
MirandaCosgrove,Miranda Cosgrove,I cant complain but sometimes I still do
Converse,Converse,Since 1908
Reebok,Reebok,"We're here to tell great stories, show you awesome new gear, and celebrate every single personal record! Tweet us, we tweet back!"
ChrisEvans,Chris Evans,
SkyFootball,Sky Football ??,The official account for Sky Sports Football
BVB,Borussia Dortmund,Offizieller Twitter-Account von Borussia Dortmund // Official Borussia Dortmund Twitter account #bvb #echteliebe
acmilan,AC Milan,"#ACMilan's official Twitter page: news & updates from the Club, live match, behind-the-scenes stories and much more! @acmilanyouth"
Lakers,Los Angeles Lakers,Official Twitter Feed of the Los Angeles Lakers. #GoLakers
MiamiHEAT,Miami HEAT,The official Twitter account of the Miami HEAT
CallofDuty,Call of Duty,"Official Call of Duty® Twitter page. ESRB Rating: MATURE with Blood and Gore, Drug Reference, Intense Violence, Strong Language, and Suggestive Themes."
EASPORTS,EA SPORTS,"Welcome to the official EA SPORTS Twitter page! By Tweeting to us you're consenting its use in any media, including TV. For support issues, follow @AskEASupport"
steam_games,Steam,"Steam, The Ultimate Online Game Platform. Follow us here for news on the latest releases and special promotions."
themichaelowen,michael owen,The Official Twitter Account of Michael Owen
nickyromero,Nicky Romero,Next Generation DJ/Producer // Label Owner: @ProtocolRec // Weekly Radio Show: @ProtocolRadio // #Ready2Rumble is out! ? http://prot.cl/R2RTw
sneijder101010,Wesley Sneijder,Welcome to my official twitter page. From now on I will keep everyone personally up to date with things that are happening in my life! Wesley Sneijder
MrAncelotti,Carlo Ancelotti,
Fabio_Coentrao,Fabio Coentrao,Welcome to my official Twitter account.
jk_rowling,J.K. Rowling,Author
Podolski10,Lukas-Podolski.com,News von und mit Lukas Podolski. Schaut auch auf meine Homepage: http://www.Lukas-Podolski.com Snapchat: Lukas10Podolski
afrojack,Afrojack,Gone' is out now!!!
NicoleScherzy,Nicole Scherzinger,"When you are born in a world you don't fit in, it's because you were born to help create a new one."
onedrive,OneDrive,"Keep all your files and photos in OneDrive. Access and share them from your phone, tablet, and computer."
nvidia,NVIDIA,The official Twitter channel for all NVIDIA news. Blog: http://blogs.nvidia.com Support: http://nvda.ly/DfKXi / All NVIDIA Social Media: http://nvda.ly/DfKUA
AlvaroMorata,Álvaro Morata,Perfil oficial de Álvaro Morata. Instagram: http://Instagram.com/alvaromorata Facebook: http://Facebook.com/alvaromorata
jennettemccurdy,Jennette McCurdy,prince charming.
zaynmalik,zayn,"fuck whoever tells you no ! do you, be proud and love lots ! :) http://smarturl.it/CruelVideo"
RitaOra,Rita Ora,RITA X ADIDAS - OUT NOW  http://m.adidas.co.uk/originals_by_rita_ora
Avengers,The Avengers,"The official account for all things @Marvel's Avengers. See #Avengers #AgeOfUltron, now on Digital HD, @DisneyAnywhere, and Blu-ray!"
Outlook,Outlook,http://Outlook.com and the Outlook app are designed to keep you connected and productive on the go. http://outl.ms/e23fs
Skrillex,SKRILLEX,your friend • insta / snap: Skrillex
kfc,KFC,Kentucky Fried Chicken. Founded by The Colonel. Practitioners of The Hard Way. Purveyors of the World's Best Chicken.
deadmau5,dead mow cinco,not a team player.
DaniCarvajal92,Dani Carvajal Ramos,
LanaDelRey,Lana Del Rey,Reputation is what men and women think of us; character is what God and angels know of us.
joejonas,J O E  J O N A S,Lead Singer In @DNCE DEBUT EP - SWAAY - OUT NOW SNAPCHAT: JOSEADAM
MirandaKerr,Miranda Kerr,This is the official Miranda Kerr twitter account. Enjoy xxx
JeseRodriguez10,JeseRodriguez10,Cuenta oficial de Jesé Rodríguez. Jugador del Paris Saint-Germain y de la Selección Española. Instagram - jeserodriguez10
Pirlo_official,Andrea Pirlo,Nato a Flero (BS) il 19 Maggio 1979   Centrocampista New York City FC PAGINA UFFICIALE
RealPaulWalker,Paul Walker,"Outdoorsman, ocean addict, adrenaline junkie... and I do some acting on the side. - PW ---This profile is run by Team PW. http://www.facebook.com/paulwalker"
nikebasketball,Nike Basketball,Bringing innovation and inspiration to the game. #BringYourGame
Fergie,Fergie,M.I.L.F. $ ... ? https://www.smarturl.it/MILFMoney    #MILFMONEY
Thiago6,Thiago Alcantara,1991. @FCBayern and @SeFutbol http://facebook.com/thiago6alcantara/ business enquiries or Say Hi! -- contact@thiagoalcantara6.com
GNev2,Gary Neville,Attack The Day
MGM_Studios,MGM Studios,Welcome to the Official Twitter Page for MGM Studios.  Follow us on tumblr: http://www.MGM90th.com | Instagram: http://www.instagram.com/mgm_studios
CherLloyd,Cher Lloyd,http://cherlloyd.co/ActivatediTunes
Andre_Schuerrle,André Schürrle,Official Twitter Account of André Schürrle! Borussia Dortmund
JessieJ,Jessie J,"Singer, Songwriter. Insta: isthatjessiej"
TheRealAC3,Ashley Cole,Footballer for @LAGalaxy. Instagram http://Instagram.com/theofficialac3 @NikeUK Athlete
DW_Pictures,DreamWorks Pictures,Welcome to the official Twitter page for DreamWorks Pictures.
assassinscreed,Assassin's Creed,"ESRB Rating: TEEN to MATURE with Blood and Gore, Crude Humor, Drug Reference, Intense Violence, Sexual Content, Strong Language, Use of Alcohol"
swedishousemfia,Swedish House Mafia,SHM is • Sebastian Ingrosso @ingrosso • Axwell @Axwell • Steve Angello @SteveAngello
FCBarcelona_cat,FC Barcelona,"Tota l'actualitat i la informació del FC Barcelona, Més que un club. Twitter oficial del FC Barcelona en català."
Zedd,Zedd,shave it up!
KLM,Royal Dutch Airlines,Official global account of KLM. We are here 24/7 for service in 13 languages. Share personal details only in private messages!
Pele,Pelé,http://Facebook.com/Pele
MicrosoftStore,Microsoft Store,The official Twitter page for Microsoft retail and online stores.
TheXFactor,The X Factor,Official X Factor UK. @replies & tweets with #XFactor or #XtraFactorLive may be used on air or online. Full terms @ http://www.itv.com/terms/
5SOS,5 Seconds Of Summer,we will be there soon... SOUNDS LIVE FEELS LIVE! http://5sos.com/live | @ashton5sos @calum5sos @michael5sos @luke5sos @HiOrHeyRecords snap: wearefivesos
chicagobulls,Chicago Bulls,Official Twitter account of the 6-time World Champion Chicago Bulls.
DiegoForlan7,Diego Forlan,"Uruguayo, Campeón de América 2011, mejor jugador del Mundial 2010, Doble Bota de Oro, Campeón Europa League, Supercampeón de Europa..."
LaLiga,LaLiga,Twitter oficial de LaLiga Santander y LaLiga 1l2l3 | Follow @LaLigaEN in English. http://www.laliga.es http://facebook.com/LaLiga http://Instagram.com/laliga
googleearth,googleearth,
PSG_inside,PSG Officiel,Le twitter officiel du Paris Saint-Germain. @PSG_English @PSG_Sverige @PSGIndonesia @PSGBrasil @PSG_Arab @PSG_Espanol
HilaryDuff,Hilary Duff,"mummy,singer,actress,lover,friend"
Atleti,Atlético de Madrid,Twitter Oficial del Club Atlético de Madrid #AúpaAtleti | Do you speak english? Follow @AtletiEnglish! | Tu parles français? Follow @AtletiFr!
juventusfc,JuventusFC,"Profilo Twitter ufficiale della Juventus. Seguiteci anche su @juventusfcen, @juventusfces, @juventusfcid, @juventusfcjp e @juventusfcar"
gianluigibuffon,Gianluigi Buffon,Portiere della Juventus e della Nazionale Italiana
ufc,UFC,#UFCHamburg: Arlovski vs Barnett | September 3 | LIVE on @UFCFightPass
PochoLavezzi,Ezequiel Lavezzi,Ezequiel 'El Pocho' Lavezzi's Official Profile.  http://instagram.com/pocho22lavezzi http://facebook.com/EzequielLavezziOfficialPage
tomorrowland,Tomorrowland,"Live Today, Love Tomorrow, Unite Forever. #Tomorrowland"
DCComics,DC,"The official home of Batman, Superman, Wonder Woman, Green Lantern, The Flash and the rest of The World's Greatest Super Heroes!"
DWAnimation,DreamWorks Animation,Follow for the latest updates on DreamWorks Animation!
FA,The FA,The governing body of English football. Our accounts: @England | @EmiratesFACup | @FAWSL | @WomensFACup | @WembleyStadium | @StGeorgesPark
RandyOrton,Randy Orton,12 x World Champion
thebeatles,The Beatles,
Caradelevingne,Cara Delevingne,EMBRACE YOUR WEIRDNESS! I am unprofessionally professional human being. Eyebrow and life enthusist. Instagram @caradelevingne STOP LABELING! START LIVING
willianborges88,Willian,jogador do Chelsea FC - football player (Chelsea FC)
LittleMix,Little Mix,Our new single #Hair ft. Sean Paul is OUT NOW: http://smarturl.it/LMHairIT
Metallica,Metallica,http://metallica.com | http://livemetallica.com
lorde,Lorde,there's a darkness on the edge of town
jasonderulo,Jason Derulo,My Platinum Hits album featuring 11 of your favorite platinumz + brand new single  #KissTheSky is out now! Download it here:
OneRepublic,OneRepublic,"Ryan Tedder, Brent Kutzle, Eddie Fisher, Drew Brown, Zach Filkins. New single, KIDS, out now: http://smarturl.it/KIDS_1R"
TheRealStanLee,stan lee,"Stan Lee, Co-Creator of Spider-Man, Iron Man, Hulk, X-Men, etc."
CodySimpson,CODY SIMPSON,son of neptune.. this guitar has seconds to live! peace on earth
VincentKompany,Vincent Kompany,proud captain of @MCFC and the @BelRedDevils - @BXBrussels believer and international SOS Children's Villages ambassador
aaronramsey,Aaron Ramsey,Welsh international and @Arsenal midfielder. Instagram - http://Instagram.com/aaronramsey
JackWilshere,Jack Wilshere,Professional footballer for @Arsenal and @England. @NikeUK athlete. Proud father to son Archie and daughter Delilah. Instagram: JackWilshere
VANS_66,Vans,The official Vans Twitter. Also check out: @vansskate @vanssurf @vansbmx66 @vanssnow @vansgirls & Snapchat: vans #Since66
Imaginedragons,Imagine Dragons,@DanReynolds @benamckee @WayneSermon @DanielPlatzman | get Smoke + Mirrors live DVD here: http://imaginedragons.lnk.to/FAN
PhilJones4,Phil Jones,Official Twitter account of Phil Jones.                                                       @ManUtd & @adidasUK athlete. http://facebook.com/PJ4Official
WBHomeEnt,Warner Bros.,The Official Warner Bros. Home Entertainment Group Twitter
SamNasri19,Samir Nasri Official,Official Twitter Midfield Player Manchester City Football Club
GreenDay,Green Day,Official #GreenDay Twitter account.  Pre-Order the new Green Day album ‘Revolution Radio’ and get the song #bangbang at http://www.greenday.com/revolutionradio
tumblr,Tumblr,Go wherever Tumblr takes you. / Questions? http://tumblr.com/help
19SCazorla,Santi Cazorla,Player at Arsenal FC and Spanish Football Team
bellathorne,bella thorne,"animals, food, and snapchat.. welcome to my world I'm sweet & salty ;) hell yeah. oh and you guys ??"
steveaustinBSR,Steve Austin,"Broken Skull Ranch
http://brokenskullranch.com"
IanMcKellen,Ian McKellen,actor and activist
dcshoes,DC Shoes,
TripleH,Triple H,"14-Time World Champion. EVP Talent, Live Events & Creative @WWE. Whether in the office or playing a bad guy on TV, I always do what’s #BestForBusiness."
JB17Official,Jerome Boateng,Footballer - @FCBayern and @DFB_Team Instagram - http://instagram.com/jeromeboateng
Oficial_RC3,Roberto Carlos,Diretor de relações institucionais do Real Madrid. Embaixador na Ásia e Oceania. Representante na UEFA Youth League e mentor das categorias de base.
dimitrivegas,Dimitri Vegas,Stay A While Out Now - Grab your Copy on http://lnk.to/StayAWhile
pablo_zabaleta,Pablo Zabaleta,"Cuenta Oficial de Pablo Zabaleta, jugador del Manchester City. Ex de San Lorenzo de Almagro, RCD Espanyol."
Alesso,ALESSO,telegram +12137605888
SoundCloud,SoundCloud,"SoundCloud is an audio platform that lets you listen to what you love and share the sounds you create. 

Need help? Tweet @SCsupport."
MarcBartra,Marc Bartra,Football Player | @BVB & @SeFutbol . Facebook & Instagram: @marcbartra
pewdiepie,Felix Kjellberg ,on a self hate mission to cleanse youtube for my sins
starwars,Star Wars,The official home of Star Wars on Twitter.
PaulMcCartney,Paul McCartney,New #OneOnOne tour / The career-spanning collection #PureMcCartney is out now / Official #PaulMcCartney Twitter administered by [MPL]
adidasUS,adidas,Official Twitter account of adidas America. Follow us for exciting updates and information on adidas athletes and products.
matshummels,Mats Hummels,Official Account of Mats Hummels - German Football Player
NickelodeonTV,Nickelodeon,"The Official Twitter for Nickelodeon, USA! http://at.nick.com/snapchat"
kevinjonas,kevin jonas,chasing the story
iTunes,iTunes,All the ways you love music. All in one place. Join us @AppleMusic and @Beats1.
MarkRuffalo,Mark Ruffalo,"I'm a husband, father, actor, director, and a climate change advocate with an eye on a better, brighter, cleaner, more hopeful future for all of us."
Zendaya,Zendaya,"Yo, Simplexity is key."
XGames,X Games,Spreading the shred in action sports since 1995. 
samsmithworld,Sam Smith,It is always going to be about love
_OlivierGiroud_,Olivier Giroud,Je suis né le 30 septembre 1986 à Chambéry. Footballeur international français. Attaquant d'Arsenal FC
beatsbydre,Beats By Dre,United by sound. Click here to rep your country with #BeatsUnity headphones NOW:
AdrianaLima,Adriana Lima,http://www.facebook.com/adrianalima
gamespot,GameSpot,"The official GameSpot account. Follow us for the latest updates on video game reviews, news, live streams, giveaways and more!"
GameOfThrones,Game Of Thrones,Tweet what is yours. #GameofThrones Season 6 premieres 4.24.16.
carras16,Michael Carrick,"Official Twitter account of Michael Carrick, Manchester United Footballer"
Alex_OxChambo,Alex Ox-Chamberlain,Professional footballer for Arsenal FC and an England International. @NikeUK athlete #TheOX  http://www.alexoxladechamberlain.com/
ctello91,cristian tello,"Sabadell, España, 11 de agosto de 1991. Futbolista, extremo. contact@cristiantello.es http://facebook.com/cristiantello91 http://Instagram.com/ctello91"
Rami7oficial,Ramires,Twitter oficial do jogador do Jiangsu Suning / Official Twitter account of Jiangsu's player http://Instagram.com/rami7oficial http://facebook.com/rami7oficial
twhiddleston,Tom Hiddleston,Actor.
WWEUniverse,WWE Universe,"Official Twitter account of the WWE Universe, worldwide fans of World Wrestling Entertainment (@WWE), featuring WWE event coverage, RTs, memes, Q&A and more!"
HUGOBOSS,HUGO BOSS,The official Twitter Account of HUGO BOSS.
gunsnroses,Guns N' Roses,"G N' R - an American Rock Band formed in 1985 in Los Angeles, CA. Get on the NIGHTRAIN http://bit.ly/GNRNOW"
JordiAlba,Jordi Alba,"Cuenta oficial del jugador del @FCBarcelona y de la @SEFutbol
Official account of the @FCBarcelona and @SEFutbol player"
EdDzeko,Edin Džeko,Footballer of AS Roma and Captain of Bosnian National team
Fellaini,Marouane Fellaini,"Official twitter of Marouane Fellaini, Professional football player @ManUtd and @BelRedDevils (National Belgian Team), @Cap_48 Ambassador"
Iron_Man,Tony Stark,"Genius, billionaire, playboy, philanthropist."
FastFurious,Fast & Furious,Vengeance hits home.
England,England,"The official feed of the #ENG football teams, with breaking news updates, videos and images. #TogetherForEngland | #ThreeLions | #Lionesses | #YoungLions "
ThierryHenry,Thierry Henry,Amateurs call it genius. Masters call it practice.
NVIDIAGeForce,NVIDIA GeForce,"NVIDIA GeForce: graphics cards (GPUs), games and more"
Axwell,Axwell,Ushuaia residency 2016 
officialjaden,Jaden Smith,
kingarturo23,Arturo Vidal,"Official account of Arturo Vidal, Bayern Munich and Chilean National Team Player."
MicrosoftEdge,Microsoft Edge,"The official Twitter handle for Microsoft Edge, the new browser from Microsoft."
pumafootball,PUMA Football,#ForeverFaster
DanielSturridge,Daniel Sturridge,"Pro football player for @liverpoolfc @NikeUK athlete @sainsburys http://Facebook.com/DanSturridge Instagram @danielsturridge
http://www.danielsturridge.net"
llorentefer19,fernando llorente,Swansea City AFC player https://www.facebook.com/fernandollorente.es Instagram: @llorente_fer info@fernandollorente.es
Luke5SOS,Luke Hemmings,Sounds Good Feels Good out now :-)
bridgitmendler,Bridgit Mendler,"Hi, I'm Bridgit Mendler :) New song Atlantis is out now!! "
thibautcourtois,Thibaut Courtois,Official Twitter of Thibaut Courtois Goalkeeper of Chelsea FC and Belgian Red Devils
ShawnMichaels,Shawn Michaels,This is the official Twitter for the real Shawn Michaels. Be sure to follow for my latest news....
paulpogba,Paul Pogba,The Official Paul Labile Pogba Twitter account. Proud to represent @adidasfootball across the world!
adamlevine,Adam Levine,man in a suitcase.
rolandgarros,Roland Garros,Roland Garros / French Open / Internationaux de France / Roland Garros 2017 : From Monday 22 May to Sunday 11 June. #RG17 #RolandGarros
DisneyAnimation,Disney Animation,"Our 55th animated feature, Zootopia, is now available on Blu-ray, Digital HD & Disney Movies Anywhere!"
SEGA,SEGA,ESRB Rating: RATING PENDING to MATURE. May contain content inappropriate for children. Visit http://www.esrb.org for rating information.
Battlefield,Battlefield,Dedicated to the 20 million Battlefield players everywhere. Join us on the Battlefield - http://Battlefield.com.
marcosrojo5,Marcos Rojo,Bienvenidos a la página oficial de Marcos Rojo en Twitter.
Javi8martinez,Javi Martínez,"Twitter oficial de Javi Martinez, jugador del FC Bayern / This is the official Twitter page of Javi Martinez, FC Bayern München player."
iCarly,iCarly,This is the official Twitter for iCarly!
applenws,Apple News,#AppleNews: Latest news about #Apple ( #iPhone) . We are not related with Apple® .
SpiderAnderson,Anderson Silva,Bem-vindo ao perfil oficial de Anderson Silva. O maior lutador de MMA de todos os tempos. Mande o seu recado para o Spider. Oosss
SpursOfficial,Tottenham Hotspur,"Welcome to the official Twitter account of Tottenham Hotspur Football Club.
@SpursOfficial
@Spurs_ES
@Spurs_India
@Spurs_THA
@Spurs_MAS
@Spurs_ID
#COYS"
dante_bonfim,Dante Bonfim Costa,"The official twitter account of Dante, professional football player at OGC Nice. Twitter oficial do zagueiro Dante do OGC Nice."
CaptainAmerica,Captain America,"The official account for all things @Marvel's Captain America. See #CaptainAmericaCivilWar, coming home on Digital HD & @DisneyAnywhere 9/2 and on Blu-ray 9/13."
ultra,Ultra Music Festival,The only OFFICIAL twitter account for ULTRA MUSIC FESTIVAL – the world’s premier electronic music festival
RvN1776,Ruud van Nistelrooy,"Facebook/Ruudvannistelrooy
Instagram: RVNISTELROOY"
Treyarch,Treyarch Studios,This is the official Treyarch Studios Twitter account and the birthplace of Call of Duty's Zombies. Recently launched Call of Duty: Black Ops 3 (PS4/XB1/PC).
9GAG,9GAG,Officially 9GAG. Follow us for LOL. get our app on http://9gag.com/mobile
prattprattpratt,chris pratt,"laughing with you, not at you."
InfinityWard,Infinity Ward,"Official Twitter account for Infinity Ward, a developer of Call of Duty. Send cheater reports to @ATVIAssist"
Ingrosso,INGROSSO,Ushuaia residency 2016 
nachofi1990,Nacho Fernández,@RealMadrid Football Player. http://Instagram.com/nachofdez90
WWEDanielBryan,Daniel Bryan,"Professional wrestler, King of Beards, overall swell guy"
Avicii,Tim Bergling,
Robinho,Robinho,"Twitter oficial de Robson de Souza, jogador da Seleção Brasileira de Futebol e do Clube Atlético Mineiro . Saiba o que faz e pensa o Robinho, o pedalada!"
vdsar1970,Edwin van der Sar,"Husband, Dad, director @AFCAjax, Football,@vdsarfoundation, Friends and @ManUtd"
Michael5SOS,Michael Clifford,i play in a band. so do other people in my band
ClaroBrasil,Claro Brasil,Seja bem-vindo! Vem ser gigante. ;-)
Spotify,Spotify,"Music for every moment. Play, discover, and share for free. 
Need support? We're happy to help at @SpotifyCares"
driveSRT,SRT,NOTE: This account is now inactive. Follow @Dodge and @DodgeViperUSA for continued SRT news.
Twitch,Twitch,"Twitch is the world's leading video platform and community for gamers. For support, please contact @TwitchSupport."
IAmJericho,Chris Jericho,"26 years of maximum tomfoolery.
http://Instagram.com/chrisjerichofozzy
http://Podcastone.com/Talk-Is-Jericho
'I'm not God...God's taller.' -Lemmy"
NikeRunning,Nike+ Run Club,"Helping athletes everywhere run their first, funnest, and fastest miles. Welcome to the Nike+ Run Club. #NRC"
Calum5SOS,Calum Hood,Bassist in 5 Seconds of Summer.
NintendoAmerica,Nintendo of America,"Welcome to the official Nintendo profile for gaming news! We’re listening, too. For ESRB ratings go to http://esrb.org"
MTVMusicUK,MTV Music,Official Twitter for MTV Music UK. First for music. Sky 350 / Virgin 310.
bundesliga_de,BUNDESLIGA,DFL Deutsche Fußball Liga GmbH | #Bundesliga | http://bundesliga.de/de/impressum/ | English: @bundesliga_EN | Español: @bundesliga_ES | http://instagram.com/bundesliga_en/
AntoGriezmann,Antoine Griezmann,Futbolista profesional / Footballeur professionnel de l'@atleti et de l'@equipedefrance #TeamGrizi http://Instagram.com/AntoGriezmann
MTVUK,MTV UK,The official Twitter account for MTV UK Snapchat: mtvuk ?
CBF_Futebol,CBF Futebol,OFICIAL - Twitter da Confederação Brasileira de Futebol
MickJagger,Mick Jagger,Mick Jagger's official twitter page.
ChiliPeppers,Red Hot ChiliPeppers,New album The Getaway available now! http://smarturl.it/thegetawayrhcp
likemike,LIKE MIKE,modern day philosopher
SeppBlatter,Joseph S Blatter,
macklemore,Macklemore,OFFICIAL MUSIC VIDEO: DANCE OFF FEATURING IDRIS ELBA
KPBofficial,Kevin-Prince Boateng,Prince Boateng
OfficialEl92,Stephan El Shaarawy,Official Account of Stephan El Shaarawy Football striker of AS Roma & Italian National Team #EL92
iTunesMovies,iTunes Movies,Movies that move you.
mertesacker,Per Mertesacker,The official Twitter-Account of Per Mertesacker (Arsenal FC)
paramore,Paramore,We are Paramore.
AngelAlessandra,Alessandra Ambrosio,Victoria's Secret Angel
David_Alaba,David Alaba,#da27 | Meine Kraft liegt in Jesus | Snapchat: da_twentyseven | http://da27store.com
WWETheBigShow,Big Show,The pound-for-pound World's Largest Athlete is a feared competitor who can intimidate a WWE opponent with his size and stare alone.
WWESheamus,Sheamus,4x WWE World Heavyweight Champion #TheCelticWarrior #TMNT2 #Rocksteady... The Man with a snow white tan. #BestOf7
RobertsEmma,Emma Roberts,
adidasUK,adidas UK,Official Twitter account for adidas UK.
pinkfloyd,Pink Floyd,Pink Floyd is one of the most successful and influential rock groups in history.
WalkingDead_AMC,The Walking Dead AMC,"The official handle for #TheWalkingDead on @AMC_TV. #TWD Returns Sunday, October 23 at 9|8c."
lucyhale,Lucy Hale,I drink too much coffee and laugh too loud.
DebbyRyan,debbyryan,Previously in childcare
LGustavo_22,LuiZGustavO,DéF
nervomusic,NERVO,Top 100 DJ's #VOTENERVO : http://bit.ly/Vote_NERVO
theowalcott,Theo Walcott,"Professional footballer.  Arsenal FC, England.
http://www.facebook.com/TheoWalcott"
AnderHerrera,Ander Herrera,2014- Present Manchester United / 2011- 2014 Athletic Club / 2001- 2011 Real Zaragoza
DFB_Team,Die Mannschaft,"Offizieller Account von #DieMannschaft. English: @DFB_Team_EN. Español: @DFB_Team_ES
 Impressum: http://bit.ly/TYm2jQ"
ParamountUK,Paramount Pictures,"Movie news in 140 characters (or less).  #StarTrekBeyond (in cinemas now), #BenHur (Sep 7), #JackReacher: Never Go Back (Oct 21), #Rings (Oct 31) #Allied (Nov)."
SteveAngello,Steve Angello,Wild Youth Out Now: http://smarturl.it/Wild-Youth
DaniloGentili,SNAP: danilogentili,Desde 1979 estragando tudo e decepcionando pessoas.
TaioCruz,Jacob Taio Cruz,Pronounced (Tie O) Contact: bookings@taiocruz.com / Download and Follow me on Kewe. http://Kewe.co
Renner4Real,Jeremy Renner,Official twitter account for actor Jeremy Renner
UEFAEURO,UEFA EURO,The official home of UEFA EURO on Twitter. (@EURO2016: official French language account)
m8arteta,Mikel Arteta,Official account | Cuenta oficial                                      Instagram: @mikelarteta
iTunesTV,iTunes TV,Discover great TV shows.
setoo9,Samuel Eto'o,Welcome to the official Twitter account of Samuel Eto'o. Professional football player of Antalyaspor
NikeStoreEurope,Nike.com,Your online provider for Nike products in Europe.
camerondallas,Cameron Dallas,Snapchat - CameronDallas Instagram - CameronDallas YouTube - TheeCameronDallas Vine - CameronDallas
ATPWorldTour,ATP World Tour,"#ATP is the governing body of the men's professional tennis circuits - the @ATPWorldTour, the @ATPChallenger Tour and the @ATPChampions Tour."
g1,G1,O portal de notícias da Globo
Peugeot,Peugeot,Motion & Emotion
filipeluis,Filipe Luis,Brasileiro @Atleti player. // FB: http://www.facebook.com/filipeluis03 // Snapchat: filipelk // IN: http://Instagram.com/filipeluis
OfficialPagani,Pagani Automobili,The official Pagani Automobili twitter channel
ShawnMendes,Shawn Mendes,Hogwarts graduate. Full time wizard now. #PreorderIlluminateOniTunes + #ShawnWorldTour tickets at: http://shawnmendesofficial.com
thomasvermaelen,Thomas Vermaelen,"The Official Twitter account of Thomas Vermaelen, player of AS Roma"
reymysterio,?Rey Mysterio?,??? ? ?? ??????
LizGillies,Elizabeth Gillies,Sex&Drugs&Rock&Roll airs Thursday nights at 10 PM on FX
SergiRoberto10,Sergi Roberto,?? FCBarcelona || Snapchat/Instagram : Sergiroberto
Victorious,Victorious,The OFFICIAL Twitter for Victorious!
Alexis_Sanchez,Alexis Sánchez,Jugador del @Arsenal y de la Selección Chilena de Fútbol. / @Arsenal and Chilean National team player. Official Account
TheXFactorUSA,THE X FACTOR (USA),Veteran judges Sharon and Louis are BACK! The new season of XFactor UK premieres August 28 on @AXSTV: http://bit.ly/1iQDXHU.
TeamMessi,Team Messi,The official twitter account of Team Messi - a global fan movement founded by adidas to celebrate everything Messi.
NeedforSpeed,Need for Speed,"Rich customization, authentic urban car culture, a nocturnal open world, and an immersive narrative.

ESRB Rating: TEEN with Language and Mild Violence"
foofighters,Foo Fighters,
ivetesangalo,Ivete Sangalo,Twitter Oficial da cantora brasileira Ivete Sangalo. Twitter atualizado pela própria Ivete e pela equipe do seu site.
chiellini,Giorgio Chiellini,Gioco a calcio nella Juventus e nella Nazionale Italiana. La mia passione? La tecnologia!!!
giseleofficial,Gisele Bündchen,Welcome to Gisele Bündchen's official profile! Also visit http://www.facebook.com/Gisele http://www.instagram.com/gisele
gameinformer,Game Informer,"The world's largest video game magazine. Check us out in print and online for the latest news, previews, reviews, podcasts and more."
SouthPark,South Park,"ALL-NEW EPISODES of South Park premiere Wednesday, Sept. 14th @ 10p on Comedy Central!"
RondaRousey,Ronda Rousey,
AJBrooks,A.J.,"Adorably evil writer, animal avenger, 3x WWE Divas Champion, and foulmouthed gamer (who does not have Instagram or Facebook)"
Sia,sia,i am sia i was born from the bumhole of a unicorn named steve. get This Is Acting http://smarturl.it/iThisIsActing?IQid=t sia on tour: http://siamusic.net/tour
BonJovi,Bon Jovi,This House Is Not For Sale out now!
ninadobrev,Nina Dobrev,Where ever you go... there you are.  Going day by day... so let's see where it takes me! Namaste.
brazuca,brazuca,"I'm @brazuca, official match ball of the 2014 FIFA #WorldCup. The #WorldCup is over and my journey is now complete. Follow @adidasfootball for more!"
LucianoHuck,Luciano Huck,tv host and curious / apresentador de tv e curioso
Aerosmith,Aerosmith,Aerosmith is America's Greatest Rock N' Roll Band.
LuisFigo,Luís Figo,"Former football player for @Sporting_CP, @FCBarcelona, @realmadrid, @Inter and Portugal."
sterling7,Raheem Sterling,Professional footballer for Manchester City F.C and England. @NikeUK - http://www.instagram.com/ http:// @vitadelusso
E3,E3,The Official Electronic Entertainment Expo Twitter. Follow @RichatESA for more E3 news and announcements.
dembabafoot,Demba Ba,"Y a-t-il d'autre récompense pour le bien, que le bien? [55:60]"
HEELZiggler,Dolph Ziggler,"stand up comic.
i wrestle to pay the bills. 
oh & former WWE World Heavyweight Champion (again) whatevs"
HomerJSimpson,Homer J. Simpson,Official Twitter for Homer Simpson.
PetrCech,Petr Cech,"Professional Footballer. Arsenal FC, Czech Republic."
psy_oppa,PSY,#7thALBUM on iTunes http://smarturl.it/PSY_7THALBUM #DADDY M/V on YouTube http://youtu.be/FrG4TEcSuRg #NapalBaji M/V on YouTube http://youtu.be/tF27TNC_4pc
chrishemsworth,Chris Hemsworth,Official Twitter of Chris Hemsworth
thorofficial,Thor,"The official account for @Marvel's Thor. Marvel's “Thor: Ragnarok,” hitting theaters November 3, 2017."
MR11ok,Maxi Rodríguez,"Maxi Rodríguez, tengo 35 años nací en Rosario (ARG). Actualmente jugador de Newell's Old Boys"
RedeGlobo,Globo,Perfil oficial da Globo.
msleamichele,Lea Michele,"Actor, singer, author. Louder: Available on iTunes, Scream Queens, You First: available here: http://bit.ly/leayoufirst"
VEJA,VEJA,"Notícias, análises, blogs, vídeos. Acompanhe também no Facebook (http://facebook.com/veja)"
EmilyOsment,Emily Osment,Debaser.
NavasKeylor,Keylor Navas,"Cuenta Oficial. Guardameta Real Madrid CF. Mundialista Costa Rica, Brasil 2014."
Razer,R?Z?R,Razer - For Gamers. By Gamers. Entertainment Devices and Software For Gamers Worldwide.
StephMcMahon,Stephanie McMahon,"Chief Brand Officer @WWE, TV villain, philanthropist, public speaker, fitness enthusiast & mom of 3 daughters. #WelcomeToTheQueendom"
ClaudiaLeitte,Claudia Leitte,Brazilian Singer/ Snap: ClaudiaLeitte
LucasMoura7,Lucas Moura,"JESUS é o caminho, a verdade e a vida! / JESUS is the way, and the truth, and the life! João/John 14:6 contato@4comm.com.br"
Rafinha,Rafinha Alcantara,Jugador del FC Barcelona - info@rafinhaalcantara.es Instagram: rafinhaaa93
ParamountMovies,Paramount Movies,The latest on all Paramount Pictures Blu-ray & Digital HD releases!                    http://Instagram.com/paramountmovies                   & http://FB.com/paramountmovies
MarioMandzukic9,Mario Mandzukic MM17,Officiall twitter Account from Mario Mandzukic!
IronMaiden,Iron Maiden,The Official Iron Maiden Twitter feed.
CesarAzpi,César Azpilicueta,Twitter oficial del jugador del @ChelseaFC y de la selección española / Official Twitter account of Chelsea's & @sefutbol player http://Instagram.com/cesarazpi/
DrakeBell,Drake Bell,Business Inquiries: bookings@drakebell.com || Peak Performance is Meditation in Motion
SabrinaSato,Sabrina Sato Rahal,A SORRIR EU PRETENDO LEVAR A VIDA...
realwbonner,William Bonner,Sobretudo tio.
ClaMarchisio8,Claudio Marchisio,"Centrocampista della Juventus e della nazionale italiana. Sposato con Roberta, papà di Davide e Leonardo."
Bungie,Bungie,Official news and updates from the developers of Destiny. You should also follow @BungieHelp if you seek Player Support.
fizzer18,Philip Neville,@NikeUK athlete ex man utd and everton player
PReina25,Pepe Reina,Cuenta oficial de Pepe Reina
BellaTwins,Nikki & Brie,Philanthropists. Empowered Women. Total Divas. Divas Champions. Longest Reigning Divas Champion. IG thenikkibella thebriebella birdiebeebrand
youngy18,Ashley Young,@ManUtd and England footballer. Instagram: http://www.instagram.com/youngy_18
AshBenzo,Ashley Benson,Instagram - itsashbenzo snapchat - benzo33
KarlLagerfeld,KARL LAGERFELD,The official Twitter page for the world of Karl Lagerfeld.
marcosmion,snap mionoficial,Twitter Oficial Marcos Mion
rafvdvaart,Rafael van der Vaart,Welcome to my official Twitter page. Player of HSV. This is where I will keep you up to date with my life!
WandWmusic,W&W,W&W Dutch DJ/Producers duo consisting of Willem van Hanegem & Ward van der Harst known for their big room sound.
R13_official,Rafinha Official,"The official twitter account of Rafinha, professional football player at FC Bayern München. Twitter oficial do lateral-direito Rafinha do FC Bayern München."
ASUS,ASUS,"Official ASUS Twitter. Get the scoop on products, updates and contests. You can also ask us your questions at http://facebook.com/asus"
showdavida,Fantástico,"Este é o twitter oficial do Fantástico, da TV Globo. Aqui você vai ficar por dentro dos bastidores e novidades do programa e do site."
Snapchat,Snapchat,Need help? Tweet @snapchatsupport
lemondefr,Le Monde,Bienvenue sur le compte officiel des rédactions du Monde | Piloté par @vengeurmask @martelclem @iiiiide et @marieslavicek | Suivez-nous sur Snapchat : lemondefr
adidas_ES,adidas_ES,"Cuenta oficial de Twitter para adidas España: información de lanzamientos de productos, eventos, promociones y de todo lo referente a atletas y clubes adidas"
MarceloTas,Marcelo Tas,Snap: MarceloTasReal
tictac,Tic Tac,"Welcome to the Official Twitter Page for the Tic Tac®!
Like us on FB: https://www.facebook.com/TicTac 
Follow us on Instagram: http://instagram.com/tictacglobal"
R3HAB,R3HAB,"Vote R3HAB for the DJ MAG :-)
http://bit.ly/vote-r3hab-2016"
charli_xcx,CHARLI XCX,**CHARLI'S ANGELS**ANGEL POWER**i LOVE YOU ALL**
HulkHogan,Hulk Hogan,Find me at http://facebook.com/hulkhogan Find me on YouTube at http://youtube.com/user/HulkHogan….
fabiocannavaro,Fabio Cannavaro,Official Twitter of Fabio Cannavaro Instagram: fabiocannavaroofficial business@fabiocannavaro.it
michaeljackson,Michael Jackson,The Official Michael Jackson Twitter Page
vika7,victoria azarenka,Girl with big dreams
iPhone_News,iPhone News,The best iPhone news and notes from around the web.  Follow @iphoneinformers for more.
didierdrogba,Didier Drogba,Official Twitter for me & my Foundation - The Didier Drogba Foundation http://www.justgiving.com/didierdrogba
2K,2K,"We publish @BioShock, @MafiaGame, @NBA2K, @WWEgames, @XCOM, @CivGame, @Borderlands, @Battleborn, @EvolveGame & more. HELP: @2KSupport. JOBS: @2KJobs"
LukeShaw23,Luke Shaw,@Adidas Footballer at @ManUtd and @england. Instagram - http://Instagram.com/lukeshaw23
NellyFurtado,Nelly Furtado,.... ..... .......
JornalOGlobo,snap: JornalOGlobo,Acompanhe as notícias do jornal O GLOBO
Tatawerneck,Tata werneck,Bonita mas nao de rosto. snap: tatawerneckreal
yelyahwilliams,hayley from Paramore,former member of the official nsync fan club.......... current member of @paramore........................... Founder & CEO of @goodDYEyoung.
Bundesliga_EN,Bundesliga English,The #Bundesliga's official English channel. | http://bndsl.ga/imprint | http://instagram.com/bundesliga_en/ | German: @bundesliga_de | Español: @Bundesliga_ES
angelcandice,Candice Swanepoel,This is the official Candice Swanepoel twitter feed.
fernandinho,Fernandinho,Instagram Fernandinho Facebook Fernandinho
MRodOfficial,Michelle Rodriguez,Student Of Life
folha,Folha de S.Paulo,"Perfil oficial do jornal Folha de S.Paulo.
No Facebook: http://on.fb.me/wFiUk9.
Atendimento: @folha_atende"
SeanKingston,SEAN KINGSTON ©,IN GOD I Trust.. Music is the way of Life!! New Music At http://www.soundcloud.com/djtwinchi For Show Bookings: Contact jenmcdaniels@tmo.blackberry.net
Machinima,Machinima,We are Machinima | Snapchat: http://bit.ly/2aX7dj2 | Run by @snackary_
GameStop,GameStop,"Power to the Players. #GameStop -- For support, email us at Twitter@gamestop.com"
mikethemiz,The Miz,The Real World star turned WWE Superstar. Married to the sexiest woman ever @Maryse0uellet Getting hated on daily and loving it. I'm awesome. Be Jealous!!!
LucasLeiva87,Lucas Leiva,"Twitter Oficial de Lucas Leiva ( atleta de futebol)
Instagram: @leivalucas
Facebook: Lucas Leiva Official"
safety,Safety,Helping you stay safe on Twitter.
Nashgrier,Nash Grier,Follow my Snapchat/Instagram/Facebook- NashGrier Subscribe to http://youtube.com/griernash for my videos! Life is a blessing!
adidasrunning,adidas Running,The official Twitter account of adidas Running
Konami,Konami,"Official account of Konami Digital Entertainment Inc!

http://www.twitch.tv/konami
http://www.twitch.tv/team/kcode"
LeTour,Le Tour de France,La plus grande course cycliste au monde. The world's biggest cycling race. #TDF2016
Meghan_Trainor,Meghan Trainor,Meghan Trainor Epic Records Artist. Watch the new video for #MeToo here: http://smarturl.it/MeTooVideo THANK YOU is available now: http://smarturl.it/iTunes.ThankYou
SHOWTEK,Showtek,Follow us on Snapchat ? http://bit.ly/ShowtekSnapchat - @skinkofficial
Naughty_Dog,Naughty Dog,"This is the official Twitter of Naughty Dog.
Uncharted 4: A Thief's End - ESRB Rating: TEEN with Blood , Language, Use of Alcohol and Tobacco, Violence."
dilmabr,Dilma Rousseff,"Twitter de Dilma Rousseff, presidenta do Brasil"
VinceMcMahon,Vince McMahon,"Vince McMahon, Chairman & CEO of WWE, Inc., is a third generation promoter who has made WWE into the global phenomenon it is today."
aaronpaul_8,Aaron Paul,
ultrarecords,Ultra Music,#1 indie dance/electronic label in the US
ChloeGMoretz,Chloë Grace Moretz,live life to the fullest and never back down. Live.Laugh.Love xxxx
NathanKress,Nathan Kress,"I dabble. 
Num 6:26            http://instagram.com/nathankress https://www.facebook.com/officialnathankress"
GaryJCahill,Gary Cahill,Footballer for @chelseafc and England. @FA @adidasUK
VogueParis,Vogue.fr,Vogue Paris online
rockstarenergy,RockstarEnergyDrink,ROCKSTAR ENERGY DRINK is designed for those who lead active lifestyles – from athletes to rock stars. All inquiries at: http://rockstarenergy.com/company/contact
FabioPorchat,Fabio Porchat,"Ator, roteirista e comediante brasileiro. falecomigo@fabioporchat.com.br"
SandervanDoorn,Sander van Doorn,Producer | DJ | Label owner Doorn Records | My remix of Natural Blues is out now on Beatport! https://spinnindeep.lnk.to/NaturalBlues_SandervanDoornRemix
globoesportecom,snap globoesportecom,"Se a bola soubesse o encanto que tem, não passaria a vida rolando de pé em pé' - Armando Nogueira"
bigtimerush,Big Time Rush,"Kendall Schmidt, Carlos PenaVega, James Maslow and Logan Henderson. Download our album 24/seven here: http://smarturl.it/24seven"
JakeTAustin,Jake T. Austin,Snapchat: theejaketaustin   Email:jta.bookings@gmail.com
windowsblog,Windows Blogs,The official blog for Windows and Devices at Microsoft. This is an automated account.
iBooks,iBooks,Find something good to read. No matter where you are.
TrueKofi,Kofi Kingston,The rumors are true. I am Mr SKILLZ All Day. @UpUpDwnDwn's Mr 24/7 aka Mr Gatcho...as in: GATCHO ASS! I am the True Kofi Kingston. http://www.Instagram.com/TheTruekofi
KieranGibbs,Kieran Gibbs,Official account of @Arsenal FC player Kieran Gibbs. Representing #teamadidas for @adidasUK . http://www.kierangibbs.com
AMD,AMD,Official corporate news and updates about the AMD technology enabling today and inspiring tomorrow
CaroWozniacki,Caroline Wozniacki,"Daughter, sister, friend, tennisplayer. Mother to our dog Bruno. 2014 NYC marathon runner. http://www.si.com/swimsuit/model/caroline-wozniacki/2016/body-paint"
Estadao,Estadão,A versão on-line do jornal O Estado de S.Paulo. Acompanhe também as atualizações pelo Facebook: http://fb.com/estadao
officialcafu,Cafu.,The official Twitter account of Cafu // A conta do Twitter oficial do Cafu.
BlackSabbath,BlackSabbath,Purchase the '13' album here: http://iTunes.com/BlackSabbath
FifthHarmony,Fifth Harmony,@LaurenJauregui @AllyBrooke @DinahJane97 @CamilaCabello97 @NormaniKordei est. 7/27
TheVampsband,The Vamps,New music coming soon. SOOO thankful for your support! http://po.st/VFSt @thevampsbrad @thevampscon @thevampsjames @thevampstristan
QueenWillRock,Queen,Official Queen Twitter
OriginInsider,Origin,"Official Origin Twitter account. For technical support, please follow @AskEASupport or visit http://help.ea.com."
AMDRadeon,AMD Radeon Graphics,AMD Radeon graphics cards (GPUs) provide the latest edge in PC gaming. Join the Radeon Rebellion! #BetterRed
iansomerhalder,Ian Somerhalder,Lucky husband.Proud founder of the Ian Somerhalder Foundation.Damon Salvatore on The Vampire Diaries.Happily contemplating the human existential dilemma...
DaniellaMonet,Daniella Monet,"candle freak. tea addict. life enthusiast. let's dance, eat kale, and laugh til' we cry // snapchat - daniemo"
RomarioOnze,Romário,Senador pelo Rio de Janeiro. Campeão Mundial de Futebol em 1994. /Brazilian Soccer Player. World Champion in 1994 US World CUP.
SonyPics_4Teens,Sony Pictures Teens,"Bringing you exclusive content from your favorite @SonyPictures movies, music & TV shows! Including #HotelT2, #GoosebumpsMovie, #5thWaveMovie, and so much more!"
WWERomanReigns,Roman Reigns,
beckenbauer,Franz Beckenbauer,"Some call me #kaiser. DFB, Bayern München, Cosmos New York, HSV - mhm, @CAMPBECKENBAUER"
Zoella,Zoë,"YouTuber, Blogger, Friend & Pizza Addict"
CMPunk,Coach,Sociopathic straight edge atheist sweetheart with no Facebook account.
DavidHenrie,David Henrie,Check out the short film I directed at http://catchtheshortfilm.com. For other inquiries contact davidhenriebookings@gmail.com
tonyparker,Tony Parker,Twitter officiel de Tony Parker - http://www.tp9.net
DFB_Team_EN,Germany,"Welcome to the official English #DieMannschaft account, bringing you news from the Germany national teams & the DFB! Deutsch: @DFB_Team | Español: @DFB_Team_ES"
TheSimpsons,The Simpsons,OFFICIAL TWITTER FOR #TheSimpsons Returns for a new season September 25! Set a reminder here: http://fox.tv/1ObitRW SDCC rules: http://fox.tv/SimpsonsSDCC
MLS,Major League Soccer,The Official Twitter of Major League Soccer. MLS App Download: http://soc.cr/Z4PvI
marcoluque,snap luquemarco,Contato: livia@livproducoes.com.br
NDJ_Official,Nigel de Jong,Football player for LA Galaxy and Holland - https://www.facebook.com/nigeldejongofficial - CEO of Continental Cars GmbH
OfficialWillow,Willy,Geometrodynamics
tyleroakley,Tyler Oakley,I make lots of stuff on the Internet. Videos: http://youtube.com/tyleroakley Podcast: http://itunes.com/psychobabble Book: http://www.amazon.com/dp/1501117696
adidasHoops,adidas Basketball,The official page of adidas Basketball.
paulinhop8,Paulinho,Website: http://paulinho8.com.br Contato: eduardo@adie.com.br
meganfox,Megan Fox,Lover. Healer. Mother
JPGaultier,Jean Paul Gaultier,Welcome on the Twitter of the Enfant Terrible of Fashion.
lequipe,L'ÉQUIPE,Toute l'actualité sportive en temps réel.
TiagoLeifert,Tiago Leifert,Membro vitalício da Associação Brasileira de Interpretação de Texto
bonucci_leo19,Leonardo Bonucci,Profilo twitter ufficiale di Leonardo Bonucci Juventus Football Player http://www.leonardobonucci.it
knifepartyinc,Knife Party,"Seizure music / haunted house / spooky roller-disco
http://smarturl.it/iTriggerWarning"
BlindDaley,Daley Blind,"Official account of Daley Blind #17, Football player for Manchester United. Also active on Instagram: @blinddaley and https://www.facebook.com/Blinddaley ???"
UEFA,UEFA,The official home of UEFA on Twitter. Find us on Facebook/uefa and Instagram @uefa_official
PlayStationEU,PlayStation Europe,"All the latest PlayStation news, exclusive content and exciting extras, direct from PlayStation Europe. Need support? @AskPS_UK can help from 9:00am-11:00pm."
nurisahin,Nuri ?ahin,"Proud DAD! The official twitter account of Nuri ?ahin, professional football player @BVB Borussia Dortmund instagram: http://www.instagram.com/sahinnuri88/"
DestinyTheGame,Destiny The Game,"ESRB Rating TEEN with Animated Blood and Violence. Welcome to the official Twitter page for Destiny, a new game from Bungie."
DVBBS,DVBBS,#WOOZYGANG ¥ #KANARYKOLLECTIV ¥ 24K https://soundcloud.com/dvbbs/24k
WrestleMania,WWE WrestleMania,"The official Twitter for @WWE @WrestleMania, April 2, 2017 at @CWStadium in Orlando, Fla. Follow us for breaking news & ticket information."
SporTV,SporTV,Twitter oficial do Canal Campeão.
smosh,Smosh,Celebrating 10 years of http://YouTube.com/SMOSH!
Casemiro,Casemiro,DEUS no comando de tudo.
oserginho,Serginho Groisman,"Serginho Groisman Twitter oficial. Jornalista,dirijo e apresento programas de TV.

Facebook serginhogroisman

Snap oserginho1"
rafinhabastos,Rafinha Bastos,Instagram: @rafinhabastos - Snapchat: orafinhabastos - Facebook: /rafinhabastos - Contato Midias Digitais: tatiana@conteudo.art.br
equipedefrance,Equipe de France,Compte officiel des Équipes de France de Football #FiersdetreBleus // Facebook: equipedefrance // Instagram: @equipedefrance
ZackRyder,Zack Ryder,The official twitter account of WWE Superstar Zack Ryder. (Matt Cardona) Instagram: zryder85 Snapchat: zackdaddy85 Business inquiries: mczr85@gmail.com
jornalnacional,Jornal Nacional,"O primeiro telejornal brasileiro via satélite, líder de audiência há 4 décadas."
RealMickFoley,Mick Foley,The new GM of @WWE Monday Night Raw. #HolyFoley premieres August 21 on @WWENetwork.
scooterbraun,Scooter Braun,Family and friends are everything. I live life and try and smile as much as possible. Inspire the world to try!!
adidasbrasil,adidas Brasil,Perfil oficial da adidas Brasil.
FCBayernEN,FC Bayern English,Welcome to the official FC Bayern München Twitter page in English! #MiaSanMia. Deutsch @FCBayern / Español @FCBayernES / US Fans @FCBayernUS
radiodisney,RADIO DISNEY,Listen on the Radio Disney app! http://radiodisneyapp.com
GloboNews,GloboNews,O mundo está aqui.
Ryback22,The Big Guy,Wake up be grateful. Start full and end empty say thank you and FEED ME MORE! Ryan Reeves IG TheBigGuyRyback22 Snap Ryback247 Bookings: Bookthebigguy@yahoo.com
KISSOnline,KISS,The ONLY Official TWITTER for the rock group KISS
Ashton5SOS,Ash Xx,"// @5SOS & @HiOrHeyRecords // Holding on to a dream, giving my heart and soul"
gadelmaleh,Gad Elmaleh,Big show in LA on sept 9.Get your tix now on http://gadelmaleh.com
SonyElectronics,Sony Electronics,"News, Events, Innovations and other Shenanigans from Sony.                            The official Twitter account for Sony Electronics in North America."
Everton,Everton,"Founded 1878. Nine league titles, five FA Cups, one European Cup Winners' Cup. NSNO.  #EFC #COYB
For ticketing and general queries: http://evertonfc.com/contact"
duttypaul,Sean Paul,"Crick Neck' on
iTunes: http://po.st/0s4H4T 
Google Play: http://po.st/Bw08js 
Apple Music: http://po.st/H7kQxL  
Spotify: http://po.st/dom8Y9"
RonKillings,WWE R-Truth,This is the official Twitter handle of current @WWE Superstar and former World Heavyweight Champion R-Truth Ron Killings
daniellejonas,Danielle Jonas,Married to Jonas Sundays at 10pm on E!
BruMarquezine,Bruna Marquezine,Always laugh when you can. It is cheap medicine.
shaymitch,Shay Mitchell,Live The Life You Love... SnapChat: officialshaym
