screen_name,name,description,,,,,,,,,,,,,
BarackObama,Barack Obama,This account is run by Organizing for Action staff. Tweets from the President are signed -bo.,,,,,,,,,,,,,
BillGates,Bill Gates,Sharing things I'm learning through my foundation work and other interests...,,,,,,,,,,,,,
nytimes,The New York Times,"Where the conversation begins. Follow for breaking news, special reports, RTs of our journalists and more from http://NYTimes.com.",,,,,,,,,,,,,
google,Google,News and updates from Google,,,,,,,,,,,,,
NASA,NASA,Explore the universe and discover our home planet with @NASA. We usually post in EDT (UTC-4).,,,,,,,,,,,,,
BBCBreaking,BBC Breaking News,"Breaking news alerts and updates from the BBC. For news, features, analysis follow @BBCWorld (international) or @BBCNews (UK). Latest sport news @BBCSport.",,,,,,,,,,,,,
SamsungMobile,Samsung Mobile,"Be the first to know. The official go-to destination for #TheNextGalaxy real-time news, stories and more.",,,,,,,,,,,,,
BBCWorld,BBC News (World),Where we #LiveTheStory - join us http://bbc.in/1JOy0bB,,,,,,,,,,,,,
LeoDiCaprio,Leonardo DiCaprio,Actor and Environmentalist,,,,,,,,,,,,,
intel,Intel,"Intel news, views & events about global tech innovation. Looking for support? Tweet @IntelSupport",,,,,,,,,,,,,
NatGeo,National Geographic,"Since 1888, we've traveled the Earth, sharing its amazing stories with new generations. Official Twitter account of National Geographic.",,,,,,,,,,,,,
shakira,Shakira,#LaBicicleta @CarlosVives & Shakira. iTunes: http://smarturl.it/LaBicicleta  https://www.youtube.com/watch?v=-UV0QGLmYys,,,,,,,,,,,,,
Nissan,Nissan,The official Nissan global handle. https://www.facebook.com/nissan,,,,,,,,,,,,,
cnni,CNN International,"Breaking news from around the world, plus business, style, travel, sport and entertainment. We #gothere.",,,,,,,,,,,,,
UN,United Nations,Official twitter account of #UnitedNations. Get the latest information on the #UN. Follow us on Snapchat: united-nations. #GlobalGoals #UN4RefugeesMigrants,,,,,,,,,,,,,
DalaiLama,Dalai Lama,Welcome to the official twitter page of the Office of His Holiness the 14th Dalai Lama.,,,,,,,,,,,,,
rogerfederer,Roger Federer,Professional tennis player,,,,,,,,,,,,,
RealHughJackman,Hugh Jackman,Instagram: @TheHughJackman,,,,,,,,,,,,,
UNICEF,UNICEF,"UNICEF promotes the rights and wellbeing of every child in 190 countries and territories, with a special focus on reaching those in greatest need.",,,,,,,,,,,,,
Lumia,Lumia,"The official destination for the latest news, updates and insights from the Microsoft Lumia team. For support Tweet @LumiaHelp",,,,,,,,,,,,,
nokia,Nokia,Are you ready for a new world of technology? News and updates from Nokia.,,,,,,,,,,,,,
POTUS,President Obama,"Dad, husband, and 44th President of the United States. Tweets may be archived: http://wh.gov/privacy.",,,,,,,,,,,,,
UberFacts,UberFacts,The most unimportant things you'll never need to know.,,,,,,,,,,,,,
SrBachchan,Amitabh Bachchan,Actor ... well at least some are STILL saying so !!,,,,,,,,,,,,,
iamsrk,Shah Rukh Khan,,,,,,,,,,,,,,
Discovery,Discovery,Grab life by the globe!,,,,,,,,,,,,,
aamir_khan,Aamir Khan,Actor.,,,,,,,,,,,,,
narendramodi,Narendra Modi,Prime Minister of India,,,,,,,,,,,,,
BeingSalmanKhan,Salman Khan,"Film actor, artist, painter, humanitarian",,,,,,,,,,,,,
deepikapadukone,Deepika Padukone,"Live,Love,Laugh... http://www.thelivelovelaughfoundation.org",,,,,,,,,,,,,
priyankachopra,PRIYANKA,Dreamer.. Achiever..,,,,,,,,,,,,,
iHrithik,Hrithik Roshan,Man on mission- to live the best life possible come what may.,,,,,,,,,,,,,
TomCruise,Tom Cruise,Actor. Producer. Running in movies since 1981.,,,,,,,,,,,,,
googledrive,Google Drive,Google Drive is a safe place for all your files. Use Drive for free on all your devices. Visit http://g.co/getdrive to get started.,,,,,,,,,,,,,
akshaykumar,Akshay Kumar,,,,,,,,,,,,,,
MariaSharapova,Maria Sharapova,http://mariasharapova.com,,,,,,,,,,,,,
arrahman,A.R.Rahman,Grammy and Academy Award winning musician,,,,,,,,,,,,,
twittermedia,Twitter Media,"Discover the best content on Twitter, across news, sports, entertainment, politics, music, and lifestyle.",,,,,,,,,,,,,
htc,HTC,"We bring brilliance to life through leading innovations, including the #HTC10, #HTCOneA9 and @HTCVive. Need help? For support, tweet @HTCHelp.",,,,,,,,,,,,,
AndroidDev,Android Developers,News and announcements for developers from the Android team.,,,,,,,,,,,,,
3M,3M,"Here, we innovate with purpose & use #science every day to create real impact in every life around the world. #Lifewith3M",,,,,,,,,,,,,
imVkohli,Virat Kohli,"The Official twitter account of Virat Kohli, Indian cricketer,gamer,car lover,loves soccer and an enthusiast",,,,,,,,,,,,,
googledevs,Google Developers,News about and from Google developers.,,,,,,,,,,,,,
aliaa08,Alia Bhatt,Beautifully chaotic :),,,,,,,,,,,,,
sachin_rt,sachin tendulkar,Proud Indian,,,,,,,,,,,,,
tim_cook,Tim Cook,"CEO Apple, Fan of Auburn football and Duke basketball",,,,,,,,,,,,,
PMOIndia,PMO India,Office of the Prime Minister of India,,,,,,,,,,,,,
sonamakapoor,Sonam Kapoor,"a female actor who lives to eat and read in that order.

http://smarturl.it/SonamAppT",,,,,,,,,,,,,
shahidkapoor,Shahid Kapoor,"Actor, Dreamer, Lover, Believer .",,,,,,,,,,,,,
HP,HP,"Engineering experiences that amaze. We create technology with a purpose: to make life better for everyone, everywhere. #KeepReinventing.",,,,,,,,,,,,,
WorldBank,World Bank,The official World Bank Twitter feed. The World Bank's mission is to fight poverty with passion and professionalism for lasting results.,,,,,,,,,,,,,
AnushkaSharma,Anushka Sharma,,,,,,,,,,,,,,
ParineetiChopra,Parineeti Chopra,Instagram - Parineetichopra. Snapchat - ChopraParineeti,,,,,,,,,,,,,
Schwarzenegger,Arnold,"Former Mr. Olympia, Conan, Terminator, and Governor of California. I killed the Predator. I told you I'd be back. Snapchat: ArnoldSchnitzel",,,,,,,,,,,,,
FarOutAkhtar,Farhan Akhtar,Writer. Director. Actor. Singer/Songwriter. Founder- @MardOfficial Initiative | @UN_Women Goodwill Ambassador(South Asia),,,,,,,,,,,,,
Wimbledon,Wimbledon,"The official Twitter for The Championships, Wimbledon. 27 June - 10 July 2016. #Wimbledon",,,,,,,,,,,,,
juniorbachchan,Abhishek Bachchan,"Actor, sports fan.... Yup, that's about it.         Facebook : Abhishek Bachchan                    Instagram : @bachchan",,,,,,,,,,,,,
karanjohar,Karan Johar,Filmmaker....,,,,,,,,,,,,,
sonakshisinha,AKIRA/Sonakshi Sinha,"Shotgun Junior! Instagram: aslisona, Snapchat: aslisonasnap",,,,,,,,,,,,,
hrw,Human Rights Watch,"We provide timely information on #humanrights crises in 90+ countries. Curated by @jimmurphysf, @astroehlein & @snorthfield45 Staff list https://twitter.com/hrw/lists/our-people",,,,,,,,,,,,,
TheVijayMallya,Vijay Mallya,"Former Member of Parliament, India, Chairman, The UB Group, Co-owner & Team Principal Sahara Force India Formula 1",,,,,,,,,,,,,
timesofindia,Times of India,"News. Views. Analyses. Conversations. India’s No.1 digital news destination, world’s largest-selling English newspaper.",,,,,,,,,,,,,
googlenexus,Nexus,Phones and tablets from Google.,,,,,,,,,,,,,
RNTata2000,Ratan N. Tata,"Former Chairman of Tata Group. Personal interests : - aviation, automobiles, scuba diving and architectural design.",,,,,,,,,,,,,
RollsRoyce,Rolls-Royce,Trusted to deliver excellence.,,,,,,,,,,,,,
Asli_Jacqueline,Jacqueline Fernandez,Actress,,,,,,,,,,,,,
Support,Twitter Support,"We Tweet tips and tricks to help you boost your Twitter skills and keep your account secure. For detailed help, visit http://support.twitter.com.",,,,,,,,,,,,,
WHO,WHO,"Official Twitter account of the World Health Organization, the United Nations' health agency",,,,,,,,,,,,,
WhatsApp,WhatsApp Inc.,WhatsApp Messenger - an amazing SMS replacement app!,,,,,,,,,,,,,
OMGFacts,OMG Facts,#TheMoreYouKnow,,,,,,,,,,,,,
NatGeoPhotos,Nat Geo Photography,All things photography from National Geographic. Like us on Facebook: http://www.facebook.com/natgeophotos,,,,,,,,,,,,,
TwitterMovies,Twitter Movies,"Your backstage pass to your favorite movie stars. We Tweet the best of film on Twitter, from movie sets to the red carpet.",,,,,,,,,,,,,
AnupamPkher,Anupam Kher,Actor/Teacher/Author/Motivational Speaker/@UN_Women Champion of Gender Equality @HeForShe,,,,,,,,,,,,,
HISTORY,HISTORY,Official HISTORY® Twitter. The leading destination for award-winning original series and specials.,,,,,,,,,,,,,
WhatTheFFacts,What The F*** Facts,All (& only) things that make you say WTF. Official Account of What The F*** Facts.,,,,,,,,,,,,,
ABdeVilliers17,AB de Villiers,"Professional Cricket player
Proudly South African",,,,,,,,,,,,,
googleresearch,Google Research,"At Google, research is performed company wide; we conduct and leverage research to build large-scale systems that are used in the real world.",,,,,,,,,,,,,
ImRaina,Suresh Raina,"Cricket is my Passion, Fans are my Strength and Family is my Support",,,,,,,,,,,,,
ShraddhaKapoor,Shraddha Kapoor,Living the dream!,,,,,,,,,,,,,
UNHumanRights,UN Human Rights,The United Nations #HumanRights office is led by High Commissioner #Zeid,,,,,,,,,,,,,
ndtv,NDTV,Breaking news alerts from India,,,,,,,,,,,,,
twittertv,Twitter TV,TV related tweets from our couch.,,,,,,,,,,,,,
bipsluvurself,Bipasha Basu,An Actor & fitness enthusiast who believes in the philosophy of ''Love Yourself... Watch this space for the real me.,,,,,,,,,,,,,
IMDb,IMDb,"The folks at IMDb talking about movies, TV and celebrities.",,,,,,,,,,,,,
Citi,Citi,Serving as a trusted partner to our clients by responsibly providing financial services that enable growth & economic progress. Customer service: @AskCiti,,,,,,,,,,,,,
ajaydevgn,Ajay Devgn,"strong beliefs win strong men, and then make them stronger. @ShivaayTheFilm",,,,,,,,,,,,,
Dropbox,Dropbox,"Dropbox works the way you do. 
Need support? @DropboxSupport.
Part of a team? @DropboxBusiness.",,,,,,,,,,,,,
chetan_bhagat,Chetan Bhagat,The CB family!,,,,,,,,,,,,,
TheSlyStallone,Sylvester Stallone,"Actor, writer, director, artist. Instagram: @officialslystallone",,,,,,,,,,,,,
TurkishAirlines,Turkish Airlines,Thanks for visiting Europe’s Best Airline on Twitter! Follow us for insights into our destinations and much more. Got an enquiry? Please consult @TK_HelpDesk.,,,,,,,,,,,,,
BlackBerry,BlackBerry,The official BlackBerry account,,,,,,,,,,,,,
sonyxperia,Sony Xperia,Welcome to the official Twitter for Sony Mobile: the home of innovation and creation. Follow for the latest news and share your photos with #Xperia,,,,,,,,,,,,,
Riteishd,Riteish Deshmukh,"Life is a Drawing Board, Sharpen your pencil, dont forget the eraser.",,,,,,,,,,,,,
henrygayle,Chris Gayle,Universe-Boss / 'Chris d Lion',,,,,,,,,,,,,
virendersehwag,Virender Sehwag,"Indian Cricketer.
For Endorsements, Events ,Content, Social Media Work,Column call Amritanshu +91 9873690935
For Sehwag International School call +91 9711188700",,,,,,,,,,,,,
KP24,KP,,,,,,,,,,,,,,
RanveerOfficial,Ranveer Singh,Living the dream.......,,,,,,,,,,,,,
KapilSharmaK9,KAPIL,Actor...who loves to make ppl laugh... ..https://www.facebook.com/pages/Kapil-sharma/534383099925612?fref=ts,,,,,,,,,,,,,
Dell,Dell,Official news and tweets from Dell. Need Support? Tweet @DellCares; Business Support: @DellCaresPro; Global Support List: http://bit.ly/Dell_TwitterSupport,,,,,,,,,,,,,
S1dharthM,Sidharth Malhotra,Passionately Curious,,,,,,,,,,,,,
TheShilpaShetty,SHILPA SHETTY KUNDRA,"Full time Mother & Wife,part time Actor, Author of @greatindiandiet ,Yoga enthusiast Entrepreneur ,Founder of @Iosis Spa&Salons, @viaanmobiles & @SSFCare my NGO",,,,,,,,,,,,,
emirates,Emirates airline,The official Twitter channel for Emirates airline. Pls tweet @EmiratesSupport if you need any assistance in English & Arabic. We are online 24/7,,,,,,,,,,,,,
MirzaSania,Sania Mirza,Dreamer.Believer.Doer. Even against all odds./ @UN_Women Goodwill Ambassador for South Asia,,,,,,,,,,,,,
shrutihaasan,shruti haasan,"I believe I'm hot sauce ,chillies (green), minor chords ,black and white -surround sound and silence",,,,,,,,,,,,,
TwitPic,TwitPic,Share photos and videos on twitter,,,,,,,,,,,,,
qatarairways,Qatar Airways,"Official account of Qatar Airways. Follow us for offers, news, and careers. For Customer Care, please visit http://qatarairways.com/tell-us",,,,,,,,,,,,,
ArvindKejriwal,Arvind Kejriwal,Political revolution in India has begun. Bharat jaldi badlega. Arvind Kejriwal.,,,,,,,,,,,,,
geneliad,Genelia Deshmukh,,,,,,,,,,,,,,
ICC,ICC,"The official twitter account of the International Cricket Council, world cricket’s governing body #CT17 Starts June 1st 2017",,,,,,,,,,,,,
wikileaks,WikiLeaks,"We open governments. 
Contact: https://wikileaks.org/#submit

PGP: A04C 5E09 ED02 B328 03EB 6116 93ED 732E 9231 8DBA",,,,,,,,,,,,,
thekiranbedi,Kiran Bedi,"LtGov.Puducherry,IPS (retd),Magsaysay Awardee,former UN Police Advisor,Asian Tennis Champ,Law,PhD-IIT,Nehru Fellow,Author,Voted Most Trusted,Admired Woman,2NGOs",,,,,,,,,,,,,
bomanirani,Boman Irani,work in progress,,,,,,,,,,,,,
Varun_dvn,Varun dhawan,"artist, the voice of the voiceless",,,,,,,,,,,,,
NatGeoChannel,Nat Geo Channel,Follow us for the latest on what's happening at the National Geographic Channel in the U.S. Questions and comments welcome!,,,,,,,,,,,,,
DeutscheBank,Deutsche Bank,"Information & dialogue on #finance & #economics
Netiquette: https://www.db.com/netiquette
#SocialMedia: https://www.db.com/SocialMedia
$DB #dbresearch #CIOView",,,,,,,,,,,,,
rampalarjun,arjun rampal,To touch is to heal. To hurt is to steal. Let's heal.,,,,,,,,,,,,,
TheFarahKhan,Farah Khan,"Film Director, Choreographer, Producer, now Actress & proud Mother of Triplets.",,,,,,,,,,,,,
MSFTnews,Microsoft News,The official Twitter page for Microsoft news. Your view from the inside.,,,,,,,,,,,,,
thesushmitasen,sushmita sen,I AM,,,,,,,,,,,,,
twitterapi,Twitter API,"The Real Twitter API. I tweet about API changes, service issues and happily answer questions about Twitter and our API. Don't get an answer? It's on my website.",,,,,,,,,,,,,
usopen,US Open Tennis,Official Twitter of the US Open Tennis Championships | 2016 Dates: 8/29 - 9/11 | Terms of Use: http://bit.ly/2bLWjNB | #usopen,,,,,,,,,,,,,
NargisFakhri,Nargis,Global Citizen,,,,,,,,,,,,,
ImRo45,Rohit Sharma,,,,,,,,,,,,,,
TwitterBooks,Twitter Books,"We tweet from Twitter, Inc. about books and the folks who write them. If you're an author on Twitter, we'd love to hear from you.",,,,,,,,,,,,,
ShaneWarne,Shane Warne,A proud father to 3 wonderful teenagers. Played cricket. Now cricket commentary. Cricket All Stars owner. Poker player & lover of 80's music. Single/Australian,,,,,,,,,,,,,
TimesNow,TIMES NOW,Times Now is India’s most watched English news channel. Follow us for breaking news & updates.,,,,,,,,,,,,,
IPL,IndianPremierLeague,Follow to get exclusive and real-time Indian Premier League news and updates.,,,,,,,,,,,,,
DaleSteyn62,Dale Steyn,Terrible guitar player...,,,,,,,,,,,,,
UNESCO,UNESCO,Building peace where it starts - in the minds of men & women. Follow our Director-General @IrinaBokova,,,,,,,,,,,,,
Office365,Office 365,"HD videoconferencing, Business-class email, Simplified IT management, Enterprise Social, Anywhere access to documents, Full Office – powered by @Microsoft",,,,,,,,,,,,,
sonunigam,Sonu Nigam,"- I am Nothing. Nothing Matters. Nothing, is everything",,,,,,,,,,,,,
verified,Verified Accounts,Accounts verified by Twitter.,,,,,,,,,,,,,
IMFNews,IMF,Breaking news and alerts from the International Monetary Fund.,,,,,,,,,,,,,
msdhoni,Mahendra Singh Dhoni,"Member TEAM INDIA, Biker, Gamer, hindi retro aficionado, an absolute pet-lover and perennially hungry for chicken butter masala",,,,,,,,,,,,,
Yahoo,Yahoo,"Yahoo's official Twitter, sharing the best of our network. For email help: @YahooCare.",,,,,,,,,,,,,
arjunk26,Arjun Kapoor,"Son, Brother, Friend, Actor ( all 4 work in progress)",,,,,,,,,,,,,
anandmahindra,anand mahindra,"Chairman and Managing Director, Mahindra Group",,,,,,,,,,,,,
AustralianOpen,Australian Open,"The official account of the Australian Open, Grand Slam of the Asia-Pacific 16-29 January 2017. Snapchat: Australian.Open #AusOpen",,,,,,,,,,,,,
BrettLee_58,Brett Lee,Former Cricketer,,,,,,,,,,,,,
HistoryInPics,History In Pictures,Sharing the most powerful and entertaining historical photographs ever taken.,,,,,,,,,,,,,
AnimalPlanet,AnimalPlanet,Official Twitter for Animal Planet US,,,,,,,,,,,,,
MSCloud,Microsoft Cloud,"The official Twitter handle for the Microsoft Platform team. Follow for news, updates, and much more. #MSCloud",,,,,,,,,,,,,
awscloud,Amazon Web Services,Official Twitter Feed for Amazon Web Services. New to the cloud? Start here: http://aws.amazon.com/what-is-cloud-computing/,,,,,,,,,,,,,
googleanalytics,Google Analytics,Google’s analytics solutions offer powerful and integrated measurement tools for today’s biggest enterprises. Learn more at http://google.com/analytics,,,,,,,,,,,,,
BCCI,BCCI,The Official Twitter Handle of Team India,,,,,,,,,,,,,
TheJohnAbraham,John Abraham,Actor,,,,,,,,,,,,,
ImZaheer,zaheer khan,"Cricketer | Fitness Enthusiast | Owner of ProSport Fitness| Co-Owner of Toss, Dine Fine| Cheese Cake Lover| Playing for DD in IPL8 | Love Mumbai|",,,,,,,,,,,,,
superstarrajini,Rajinikanth,The official handle of Superstar Rajinikanth,,,,,,,,,,,,,
mangeshkarlata,Lata Mangeshkar,playback singer since 1942. https://www.facebook.com/LataMangeshkar,,,,,,,,,,,,,
ESPNcricinfo,ESPNcricinfo,"The home of cricket. https://www.facebook.com/Cricinfo/
https://www.instagram.com/espncricinfo/",,,,,,,,,,,,,
htTweets,Hindustan Times,One of India's largest media companies. Latest news from around the world. Retweets are not endorsements.,,,,,,,,,,,,,
Ileana_Official,Ileana D'Cruz,"Actor, Goofball, Beach Bum, Tiramisu Maker & Professional Bathroom Singer. Hi Mama! :p",,,,,,,,,,,,,
arunjaitley,Arun Jaitley,"Minister of Finance & Corporate Affairs, Government of India",,,,,,,,,,,,,
ayushmannk,Ayushmann Khurrana,Instagram - https://www.instagram.com/ayushmannk/,,,,,,,,,,,,,
lenovo,Lenovo,"What’s next? The simple thought that drives all our technology. Follow our journey. #Lenovo, Innovation Never Stands Still.",,,,,,,,,,,,,
SunidhiChauhan5,Sunidhi Chauhan,"Singer, performer",,,,,,,,,,,,,
bhogleharsha,Harsha Bhogle,Blessed. Enjoy till it lasts.   http://harshabhogle.com,,,,,,,,,,,,,
LaraDutta,Lara Dutta Bhupathi,"One head, many hats!",,,,,,,,,,,,,
ScienceNews,Science News,Covering the latest news in all fields of science. Tweets by @wwrfd and @Kate_Travis. Publisher @society4science. See also @SNStudents.,,,,,,,,,,,,,
harbhajan_singh,Harbhajan Singh,"proud father to a princess,Indian http://Cricketer.contact Bhajjirocks@gmail.com for any official/sports/business",,,,,,,,,,,,,
shreyaghoshal,Shreya Ghoshal,A flower child. Sings the tune of love.,,,,,,,,,,,,,
Airbus,Airbus,"A global team designing, manufacturing and supporting the world's leading aircraft... with passengers at heart and airlines in mind.",,,,,,,,,,,,,
IndiaToday,India Today,"Brings you news breaks:Exclusive political, entertainment, sports insight, unbiased-nonaligned


Follow us @IndiaToday

Official URL: http://indiatoday.in",,,,,,,,,,,,,
twittermobile,Twitter Mobile,"This account is no longer in use. For Twitter mobile product news, please follow @twitter.",,,,,,,,,,,,,
androidcentral,Android Central,Android for Everyone. The best of the best from @AndroidCentral. For ALL news follow @ac_headlines. Send tips to actips@androidcentral.com.,,,,,,,,,,,,,
UNDP,UN Development,The United Nations Development Programme helps empower lives & build resilient nations. Follow @HelenClarkUNDP @PNUD @PNUDFR & more: http://on.undp.org/JAhO2,,,,,,,,,,,,,
asliyoyo,Yo Yo Honey Singh,APKA APNA YOYO HONEY SINGHAAAA,,,,,,,,,,,,,
bing,Bing,"The better technology can adapt to you, the more you can be yourself. #DoGreatThings http://www.bing.com",,,,,,,,,,,,,
Javedakhtarjadu,Javed Akhtar,"A poet, lyricist, scriptwriter, atheist and a die-hard optimist",,,,,,,,,,,,,
GreatestQuotes,Great Minds Quotes,"A collection of quotes that will challenge, motivate and inspire you. Compiled by Sinead Duffy, Hypnotherapist & Psychotherapist",,,,,,,,,,,,,
dhanushkraja,Dhanush,Actor,,,,,,,,,,,,,
NehaDhupia,Neha Dhupia,"Actor , Producer @biggirlpvtltd",,,,,,,,,,,,,
ashwinravi99,Ashwin Ravichandran,Professional cricketer - represent the Indian cricket team and Tamil Nadu.,,,,,,,,,,,,,
MClarke23,Michael Clarke,,,,,,,,,,,,,,
SushmaSwaraj,Sushma Swaraj,Minister of External affairs,,,,,,,,,,,,,
humasqureshi,Huma Qureshi,"Actor, writer, traveller, foodie, passionate, foolish, all heart leonine ...",,,,,,,,,,,,,
GoogleforWork,Google for Work,The official Twitter home of Google for Work,,,,,,,,,,,,,
PDChina,"People's Daily,China","The largest newspaper group in China; Timely updates 
https://www.youtube.com/c/peoplesdaily https://fb.me/PeoplesDaily",,,,,,,,,,,,,
TwitterForNews,Twitter for News,Spotlighting best practices and innovative uses of Twitter by journalists and newsrooms.,,,,,,,,,,,,,
YUVSTRONG12,yuvraj singh,ball smacker! and a piechucker,,,,,,,,,,,,,
filmfare,Filmfare,India's no.1 lifestyle and entertainment magazine and your daily dose of films and fashion.,,,,,,,,,,,,,
ray_ban,Ray-Ban,Genuine Since 1937,,,,,,,,,,,,,
iam_juhi,Juhi Chawla,"Actress, Mother, Entrepreneur, Activist, budding Farmer, Environmentalist, Yoga enthusiast.... and miles to go before I sleep ....",,,,,,,,,,,,,
EtihadAirways,Etihad Airways,"Welcome to the official Etihad Airways Twitter account! Follow us for latest news, events and exclusive competitions! For queries or problems, go to @EtihadHelp",,,,,,,,,,,,,
AnaIvanovic,Ana Ivanovic,Everything that kills me makes me feel alive,,,,,,,,,,,,,
MadhuriDixit,Madhuri Dixit-Nene,Constantly finding ways to connect with the world. Loving the Twitter Universe!,,,,,,,,,,,,,
sardesairajdeep,Rajdeep Sardesai,"father, friend first.Journalist, anchor, author: 2014: The Election That Changed India. mail: rajdeepsardesai52@gmail.com. blog at http://rajdeepsardesai.net",,,,,,,,,,,,,
smritiirani,Smriti Z Irani,"Union Cabinet Minister of Textiles, Government of India. Member of Parliament, Rajya Sabha representing the state of Gujarat.",,,,,,,,,,,,,
Azure,Microsoft Azure,The official account for Microsoft Azure. Follow for news and updates from the team and community.,,,,,,,,,,,,,
yamigautam,Yami Gautam,Actor.,,,,,,,,,,,,,
TwitterIndia,Twitter India,?????? - The official Twitter India account,,,,,,,,,,,,,
the_hindu,The Hindu,News feeds from India's National Newspaper,,,,,,,,,,,,,
CNNnews18,News18,Latest news alerts from India,,,,,,,,,,,,,
ameesha_patel,ameesha patel,Real person first actor later. follow me on Instagram Ameeshapatel9,,,,,,,,,,,,,
Moto_USA,Moto US,"This summer, everything changes in a snap.

Tech support: http://moto.ly/support or @Moto_Support.",,,,,,,,,,,,,
realpreityzinta,Preity zinta,"Actor, Producer, Writer, Entrepreneur , Human Being and Cricket fan!",,,,,,,,,,,,,
IndianExpress,The Indian Express,"The Indian Express brings to you latest news from India and the world, breaking round the clock. The 'Journalism of Courage' starts here.",,,,,,,,,,,,,
windowsdev,Windows Developer,"Everything you need to know to develop great apps, games and other experiences for Windows on PCs, phones, IoT, Xbox & HoloLens",,,,,,,,,,,,,
MaheshNBhatt,Mahesh Bhatt,"Film Maker, Author, Nomad with no destination. I don't have any thoughts which I can call my own--not one thought, not one word, not one experience.",,,,,,,,,,,,,
WesternUnion,Western Union,"World Wide Money Transfer, Payment Services, Mobile Money -- 
Join us on Facebook!  http://facebook.com/WesternUnion",,,,,,,,,,,,,
BDUTT,barkha dutt,Barkha Rani JamKe Barasti Hai. Cloudburst. Journalist. Dreams of being a Lawyer. Argumentative! Yaaron Ka Yaar.,,,,,,,,,,,,,
surface,Surface,"Welcome to the official Twitter page for Microsoft Surface. For technical support, tweet @SurfaceSupport.",,,,,,,,,,,,,
ihansika,Hansika,Actor,,,,,,,,,,,,,
googlecloud,GoogleCloudPlatform,"Building tools for modern applications, making developers more productive, and giving you the power to build on Google's computing infrastructure.",,,,,,,,,,,,,
ashabhosle,ashabhosle,Singer since 1943,,,,,,,,,,,,,
davidwarner31,David Warner,"Australian cricketer, enjoys life, loves golf, keen interest in horse racing. Husband to Candice, father of two beautiful girls Ivy Mae, Indi Rae.",,,,,,,,,,,,,
PDdancing,Prabhudheva,,,,,,,,,,,,,,
ShashiTharoor,Shashi Tharoor,"MP for Thiruvananthapuram. Author of 15 books. Former Minister of State,Govt.of India.  Former UnderSecretaryGeneral,UnitedNations. RTs do not imply endorsement",,,,,,,,,,,,,
deespeak,Dia Mirza,"Actor, Producer, Nature Lover, Dreamer, Seeker, Learner... Director - Born Free Entertainment Pvt. Ltd #KidsForTigers http://bit.ly/KidsForTiger",,,,,,,,,,,,,
Actor_Siddharth,Siddharth,Indian. Actor. Producer. Musician. Believer. I am because i try.,,,,,,,,,,,,,
trishtrashers,Trisha Krishnan,There's no competition when your manifesting your own lane,,,,,,,,,,,,,
MuhammadAli,Muhammad Ali,Tweets Originating from The Champ Himself Have the Hashtag #AliTweet,,,,,,,,,,,,,
ArshadWarsi,Arshad Warsi,"GOOD AT COOKING, CLEANING & IMPRESSING KIDS BELOW 5, WHEN FREE I TRY & ACT IN FILMS.",,,,,,,,,,,,,
AnilKapoor,Jai Singh Rathore,"Actor, Producer, Husband, Father...and now an RJ too!",,,,,,,,,,,,,
vivek_oberoi,Vivek Anand Oberoi,"Bollywood Actor,Social worker, adventure sports enthusiast, poet,Pilot, Dreamer....",,,,,,,,,,,,,
Intelinvolved,IntelInvolved,Connecting & enriching lives worldwide to create a better future through technology. Tweets by @MarciaHansen http://blogs.intel.com/csr,,,,,,,,,,,,,
jacqueskallis75,Jacques Kallis,South African Cricketer,,,,,,,,,,,,,
mallikasherawat,Mallika Sherawat,Bollywood star;) http://facebook.com/MallikaSherawat http://Instagram.com/mallikasherawat,,,,,,,,,,,,,
GautamGambhir,Gautam Gambhir,Father. Cricketer. Patriot.,,,,,,,,,,,,,
SinghaniaGautam,Gautam Singhania,"Chairman and Managing Director @TheRaymondLtd.  Founder of the Super Car Club of India. Passionate about cars, planes and yachts.",,,,,,,,,,,,,
EconomicTimes,EconomicTimes,The No. 1 Business Daily in India brings you the latest #news updates and LIVE coverage of #politics #economy #markets #technology | RTs are not endorsements,,,,,,,,,,,,,
rajnathsingh,Rajnath Singh,"Minister of Home Affairs, Government of India, INDIA",,,,,,,,,,,,,
harleydavidson,Harley-Davidson,The official Twitter feed for the Harley-Davidson Motor Company. We fulfill dreams of personal freedom.,,,,,,,,,,,,,
Samanthaprabhu2,Samantha Ruth Prabhu,Actor,,,,,,,,,,,,,
TataCompanies,Tata Group,"Official Twitter Channel of the Tata Group.      
@TataCompanies keeps you informed and updated on what’s happening in the Tata group of companies.",,,,,,,,,,,,,
BoeingAirplanes,Boeing Airplanes,"Official Twitter of Boeing Commercial Airplanes - 
We design, build and support a family of technologically advanced commercial jets",,,,,,,,,,,,,
MTVIndia,MTV India,We are the TV channel your Mom warned you about.,,,,,,,,,,,,,
Flipkart,Flipkart,"India's favourite online shopping destination - http://www.flipkart.com!
For customer support connect with @flipkartsupport",,,,,,,,,,,,,
makeinindia,Make in India,"A major national program designed to facilitate investment, foster innovation, enhance skill development and build best-in-class manufacturing infrastructure.",,,,,,,,,,,,,
EyeOfJackieChan,Jackie Chan,Follow my adventures!,,,,,,,,,,,,,
satyanadella,Satya Nadella,CEO of Microsoft Corporation,,,,,,,,,,,,,
GraemeSmith49,Graeme Smith,proudly South African....,,,,,,,,,,,,,
natgeowild,Nat Geo WILD,Nat Geo WILD is a network all about animals & nature from National Geographic.,,,,,,,,,,,,,
SunnyLeone,Sunny Leone,Only GOD will Judge! life is short lets make the most of it! ONLY Official Page *snapchat ID- ImSunnyLeone,,,,,,,,,,,,,
NSaina,Saina Nehwal,#Olympics Bronze medallist 2012 #World championships silver medal 2015 #Padma Bhushan awardee #Padma shri awardee #khel Ratna awardee #Arjuna awardee,,,,,,,,,,,,,
ChennaiIPL,Chennai Super Kings,The Official Tweet of the Chennai Super Kings,,,,,,,,,,,,,
konkonas,Konkona Sensharma,Indian actress. Reckless retweeter.,,,,,,,,,,,,,
faf1307,Faf Du Plessis,"*Jesus follower *Husband *Pro cricketer *Co owner of Bjorn Borg SA , FirstXI Wines and Quest Gym",,,,,,,,,,,,,
adwords,Google AdWords,The official channel for info & updates from the Google AdWords team. We’re here to help 24 hours a day Monday - Friday. Meet the team: https://goo.gl/3NpP8G,,,,,,,,,,,,,
MikaSingh,King Mika Singh,"Bollywood Singer and Actor, Animal Lover, Entrepreneur, Philanthropist #KingsJungle #DivineTouchFoundation #RhythmByMika",,,,,,,,,,,,,
abpnewstv,ABP News,Follow for latest news alerts from India,,,,,,,,,,,,,
Total,Total,"Welcome to Total's page, one of the world's leading energy companies. Share with us our commitment to better energy in oil, natural gas and solar energy.",,,,,,,,,,,,,
VishalDadlani,VISHAL DADLANI,"For too long, you and I've been quiet..RISE UP!",,,,,,,,,,,,,
androids,Android Community,"Android Community, news, reviews, & rumors. Execs: @nguyen @ewdi & @c_davies",,,,,,,,,,,,,
sakpataudi,Tejinder Kaur/Soha,Actor,,,,,,,,,,,,,
jpduminy21,JP Duminy,"Christian, Husband, Father, Cricketer- founder of @JP21Project, Somewhere on tour..",,,,,,,,,,,,,
MSLearning,Microsoft Learning,Follow us for all things related to Microsoft certification and learning resources. Master Microsoft technologies and upgrade your career today. #CertifyMe,,,,,,,,,,,,,
SingaporeAir,Singapore Airlines,"Welcome aboard Singapore Airlines on Twitter! Tell us your travel stories and tips with #FlySQ #SingaporeAir. For feedback, write to http://goo.gl/ZDDIKS",,,,,,,,,,,,,
TandonRaveena,Raveena Tandon,retweets not an endorsement,,,,,,,,,,,,,
BJP4India,BJP,Official Twitter account of the Bharatiya Janata Party (BJP).,,,,,,,,,,,,,
googlecalendar,Google Calendar,The official Twitter home of Google Calendar,,,,,,,,,,,,,
wasimakramlive,Wasim Akram,"Pakistan's former Cricket Captain, Commentator at Star Sports, Bowling coach & mentor at KKR, for Business & PR contact my Manager @arsalanhshah",,,,,,,,,,,,,
SrideviBKapoor,SRIDEVI BONEY KAPOOR,Actor-Mother-Housewife-Actor Again!,,,,,,,,,,,,,
AmitShah,Amit Shah,National President of Bharatiya Janata Party,,,,,,,,,,,,,
Oracle,Oracle,"Stay connected with all things #Oracle: products, services, training, news, events, promotions, and more.",,,,,,,,,,,,,
amlahash,hashim amla,Dig for truth..not gold. Curiosity skilled the cat. Beards are the new six pack. No facebook - No instagram,,,,,,,,,,,,,
Gmaxi_32,Glenn Maxwell,@CricketAus @bushrangers @StarsBBL @lionsdenkxip @yorkshireccc player. Sponsored by @KookaburraCkt Instagram: gmaxi_32,,,,,,,,,,,,,
tamannaahspeaks,Tamannaah Bhatia,Dreamer .. Following my Heart !,,,,,,,,,,,,,
wa_status,WhatsApp Status,We are working very hard to make this twitter account irrelevant.,,,,,,,,,,,,,
RashtrapatiBhvn,President of India,This is the official Twitter account of Rashtrapati Bhavan and is run by President’s Secretariat.  Tweets from the President are signed – President Mukherjee,,,,,,,,,,,,,
NASAEarth,NASA Earth,"Your planet is changing, and we’re on it. NASA uses the vantage point of space to increase our understanding of Earth and improve lives. #EarthRightNow",,,,,,,,,,,,,
AdSense,Google AdSense,News and updates from the Google AdSense team. Have questions? Visit http://goo.gl/LjpsZv for help.,,,,,,,,,,,,,
NeilNMukesh,Neil Nitin Mukesh,"Actor, photographer. Singer, composer !",,,,,,,,,,,,,
mornemorkel65,Morne Morkel,Proudly @OfficialCSA & @KKRiders,,,,,,,,,,,,,
yrf,Yash Raj Films,Re-live the magic of Yash Raj Films (YRF).,,,,,,,,,,,,,
ActorMadhavan,Ranganathan Madhavan,"Actor-Love being one-Have lived a 100 lives within this one,thanks to the job-Made films-Some that you liked and yet others I indulged in-Blessed and fortunate.",,,,,,,,,,,,,
albiemorkel,Albie Morkel,love your family and enjoy life... it's short!,,,,,,,,,,,,,
Swamy39,Subramanian Swamy,"Rajya Sabha MP, Fmr. Union Cabinet Minister, Harvard Ph.D in Economics; Professor, BJP National Exec. member, I give as good as I get",,,,,,,,,,,,,
iamAmyJackson,Amy Jackson,info@blacksheepmgt.com,,,,,,,,,,,,,
singer_shaan,shaan,living the Good Life... and believing my luck won't run out...:),,,,,,,,,,,,,
ZoomTV,Zoom TV,Turn On Gossip. Turn On Glamour. Turn On Fashion. Turn On Party. Turn On Bollywood #TurnOnZoom,,,,,,,,,,,,,
VisualStudio,Visual Studio,Follow us for the latest Microsoft Visual Studio news and related information for developers.,,,,,,,,,,,,,
AzmiShabana,Azmi Shabana,Actor- female. Believes art should be used as an instrument for social change,,,,,,,,,,,,,
bmwindia,BMW India,"This is the official Twitter account of BMW India - set up for enthusiasts, fans and owners of BMW Cars. Follow us for the latest news and information.",,,,,,,,,,,,,
lufthansa,Lufthansa,Welcome to the official twitter channel (international) of Deutsche Lufthansa AG!,,,,,,,,,,,,,
nowthisnews,NowThis,"See it first, share it first.",,,,,,,,,,,,,
StarSportsIndia,Star Sports,"Look no further if sports is your forte, head no further if you want to watch your favorite sport! Likes and RTs are not endorsements.",,,,,,,,,,,,,
shekharkapur,Shekhar Kapur,Neither prejudiced by the past nor in fear of the future. This moment. Only this moment  http://www.shekharkapur.com,,,,,,,,,,,,,
androidandme,Android and Me,Meet your new Android friend.,,,,,,,,,,,,,
googlestudents,Google Students,Google news and updates (especially for university students).,,,,,,,,,,,,,
udaychopra,Uday Chopra,Pretender. Believer of unbelief. Religion starter. Zombie lover. Food eater. Women whisperer. Liar of that last part.,,,,,,,,,,,,,
GulPanag,Gul Panag,"aviator, actor & producer, entrepreneur,  automobile & fitness enthusiast, biker, adrenalin junkie, adventurer, traveller, student, #AAP",,,,,,,,,,,,,
RCBTweets,Royal Challengers,The official Twitter account of IPL Team Royal Challengers Bangalore. https://www.facebook.com/RoyalChallengersBangalore,,,,,,,,,,,,,
hcltech,HCL Technologies,"Official Twitter stream of HCL Technologies | $7 Bn company | G2000 Organization | 109,000+ employees | 31 countries | http://www.hcltech.com/unitedbyhcl",,,,,,,,,,,,,
Minissha_Lamba,Minissha Lamba,"Actor, Humanist, no longer a Food-Junkie, ArmChair Philosopher",,,,,,,,,,,,,
ajinkyarahane88,ajinkyarahane88,cricketer,,,,,,,,,,,,,
lifeatgoogle,Life at Google,"Want to be a Googler? We're hiring! Keep up with our job opportunities, offices, culture, and everything else that makes up life at Google.",,,,,,,,,,,,,
emraanhashmi,emraan hashmi,Actor,,,,,,,,,,,,,
aajtak,?? ??,"AajTak covers breaking news, latest news, news in politics, sports, business and cinema. Follow us for the latest in news and views.",,,,,,,,,,,,,
jaysean,Jay Sean,Jay Sean. Singer/Songwriter. Sony Music.,,,,,,,,,,,,,
MicrosoftHelps,Microsoft Support,Official account for Microsoft Customer Service & Support. We’re available 24/7,,,,,,,,,,,,,
APJAbdulKalam,Kalam Project,"Dedicated to actions by citizens&institutions,along the vision of Dr.Kalam. Account manged by Kalam Centre.Write to ceo@kalamcentre.org to be showcased",,,,,,,,,,,,,
PriyaAnand,Priya Anand,Pan Indian Actor,,,,,,,,,,,,,
taran_adarsh,taran adarsh,Hindi movie critic and biz analyst. Bollywood Hungama. Instagram: http://bit.ly/20KBsgr,,,,,,,,,,,,,
mipaltan,Mumbai Indians,"The official Twitter handle of IPL Franchise Mumbai Indians. Follow us on Instagram: http://bit.ly/1pKeftM
Follow us on Snapchat: MI_Paltan",,,,,,,,,,,,,
kalkikanmani,Kalki Koechlin,"This one time abroad I didn't have ID to get into a bar so I told the bouncer 'Google me, I'm famous.' The rest of the time though, I don't feel that important.",,,,,,,,,,,,,
IChitrangda,Chitrangda Singh,contact: Chitrangda.info@gmail.com,,,,,,,,,,,,,
anirudhofficial,Anirudh Ravichander,Youngest Music Composer/Singer in the Indian Film Industry | Snapchat : anirudhofficial,,,,,,,,,,,,,
CelinaJaitly,Celina Jaitly,"Indian actor & recording artist,UN Human Rights Equality Champion,Activist,Writer,Proud mum of twin boys.Dog lover,book lover & most of all an Army brat!",,,,,,,,,,,,,
ManishMalhotra,Manish Malhotra,"Stylist,Costume Designer, Couturier and Fashion Designer.",,,,,,,,,,,,,
RGVzoomin,Ram Gopal Varma,Indian Film Director & Producer,,,,,,,,,,,,,
glennmcgrath11,Glenn McGrath,"Proud father, happy husband, retired cricketer, philanthropist, outdoorsman & loving life :) McGrath Foundation President & Co-Founder",,,,,,,,,,,,,
KKRiders,KolkataKnightRiders,Official Handle of the IPL team of Kolkata! #KorboLorboJeetbo http://www.facebook.com/KolkataKnightRiders http://www.instagram.com/kkriders,,,,,,,,,,,,,
arbaazSkhan,Arbaaz Khan,Actor/Producer/Director,,,,,,,,,,,,,
ImranKhanPTI,Imran Khan,Chairman of Pakistan Tehreek-e-Insaf,,,,,,,,,,,,,
taapsee,taapsee pannu,"all in all REAL.... with flesh, blood and SPINE :)",,,,,,,,,,,,,
DavidMillerSA12,David Miller,"Proteas cricket, sunfoil dolphins and kings XI Punjab. Living my dream.!",,,,,,,,,,,,,
StuartBroad8,Stuart Broad,Notts and England cricketer. 4x Ashes winner. Raise awareness and funds for MND @thebroadappeal,,,,,,,,,,,,,
DJBravo47,Dwayne DJ Bravo,"West Indies All-Rounder. Captain of 2015 CPL Champions,Red Steel. ESPY 2015 Best Play Nominee. Musician/Entertainer. Agent @venusentgroup Media @peartreeconsult",,,,,,,,,,,,,
github,GitHub,How people build software,,,,,,,,,,,,,
darrensammy88,Daren Sammy,"Daren Sammy Foundation 
Developing Future Champions, Future Leaders
Represented by @insignia_sports Instagram: darensammy88",,,,,,,,,,,,,
GoogleAppsDev,Google Apps Dev,Official Google Apps Developer feed.,,,,,,,,,,,,,
AamAadmiParty,Aam Aadmi Party- AAP,?????????? ????? ???? ????? ???? ???? ????? ????? ?? ? ?? ????? ? http://fb.com/AamAadmiParty,,,,,,,,,,,,,
Sophie_Choudry,SOPHIE CHOUDRY,"Singer, VJ, Actor, Entertainer, Dreamer, Dancer, Fashion Lover! Good things come to those who work their asses off & never give up!",,,,,,,,,,,,,
MercedesBenzInd,Mercedes-Benz India,The Official Mercedes-Benz India Twitter Profile. Follow us on Periscope: http://www.periscope.tv/MercedesBenzInd,,,,,,,,,,,,,
SonuSood,sonu sood,An engineer turned actor from Moga(punjab).Destiny plays its part...Instagram: sonu_sood,,,,,,,,,,,,,
prakashraaj,Prakash Raj,let's give back to life' Fb : http://www.facebook.com/PrakashRajOfficial,,,,,,,,,,,,,
stevesmith49,Steve Smith,Australian cricket player,,,,,,,,,,,,,
AndroidPolice,Android Police,"We cover Android news, apps and games, phones and tablets. Sometimes we rant. Got a hot tip? tips@androidpolice.com.",,,,,,,,,,,,,
isro,ISRO,Indian Space Research Organisation,,,,,,,,,,,,,
irrfank,Irrfan Madaari,Actor . India.,,,,,,,,,,,,,
ImIshant,Ishant Sharma,"Foodie, tidy and happy-go-lucky. Indian National Cricketer.",,,,,,,,,,,,,
RossLTaylor,Ross Taylor,Current @BLACKCAPS player.,,,,,,,,,,,,,
gov,Twitter Government,Updates from the @Twitter Government & Elections team. Tracking creative & effective uses of Twitter for civic engagement. RT & examples?political endorsements.,,,,,,,,,,,,,
mrsfunnybones,Twinkle Khanna,A bona fide member of an ambiguous tribe of the new age Indian woman; heavily armed with the weapons of my choice : google and lame jokes.,,,,,,,,,,,,,
ZeeNews,Zee News,10 Channels I India’s Largest News Network I 140 mn viewers I  Breaking News alert from India & world. Download Zee Media Apps - https://play.google.com/store/apps/developer?id=Zee+Media+Corporation+Limited,,,,,,,,,,,,,
Shankar_Live,Shankar Mahadevan,"Comp Engineer turned Music Composer/Singer/ Performer, loving every bit of it.....",,,,,,,,,,,,,
ColorsTV,COLORS,Follow us to receive latest updates about your favourite shows & favourite stars!,,,,,,,,,,,,,
ARMurugadoss,A.R.Murugadoss,Film maker,,,,,,,,,,,,,
IntelITCenter,Intel IT Center,"IT best practices, strategies & tools from IT experts at Intel. More @ http://www.intel.com/ITCenter and join our community http://www.intel.com/ITPN #ITCenter",,,,,,,,,,,,,
SamsungNewsroom,Samsung Electronics,"The official Twitter of Samsung Electronics. Follow us for the latest news on our people, products, services and insights.",,,,,,,,,,,,,
TwitterEng,Twitter Engineering,The official account for Twitter Engineering.,,,,,,,,,,,,,
dna,dna,"Follow us for news, photos, videos and the latest trends from India and around the world. http://www.dnaindia.com",,,,,,,,,,,,,
SamsungMobileIN,Samsung Mobile India,Welcome to the Official Samsung Mobile India page where you can follow us to engage with other Samsung fans and get the latest info on products and more.,,,,,,,,,,,,,
anupamachopra,Anupama Chopra,"Film Critic, journalist, author. Founder and editor of @Filmcompanion. You can find my reviews, interviews and recommendations on http://bit.ly/FilmCompanionY…",,,,,,,,,,,,,
jimmy9,James Anderson,,,,,,,,,,,,,,
RanaDaggubati,Rana Daggubati,"Actor, Producer, Digital Post Supervisor",,,,,,,,,,,,,
AllIndiaBakchod,All India Bakchod,"Trying to make people laugh on Youtube, Podcasts & Live. Co founders: @gkhamba @thetanmay. Follow us on instagram @AllIndiaBakchod",,,,,,,,,,,,,
DianaPenty,HAPPY,,,,,,,,,,,,,,
manoharparrikar,Manohar Parrikar,"Minister of Defence, Government of India",,,,,,,,,,,,,
MitchJohnson398,Mitchell Johnson,Instagram: MITCHJOHNSON398,,,,,,,,,,,,,
AaronFinch5,Aaron Finch,"Australian, Melbourne renegades & Victorian cricketer! @NewBalanceAU athlete
Lover of golf
Insta: @aaronfinch5
FB: http://Facebook.com/AaronFinchCric…",,,,,,,,,,,,,
TwitterAds,Twitter Advertising,"#GoLive with the official handle for Twitter Ads with news, research, tips, success stories, and creative inspiration. Here to help!",,,,,,,,,,,,,
windowscentral,Windows Central,"Windows is back! The #1 news, reviews and community site covering all things Microsoft & Windows 10. Full feed https://twitter.com/wc_headlines",,,,,,,,,,,,,
airfrance,Air France,#FranceisintheAir! Stay connected for our latest news! At your service 24/7 (Personal info by DM only),,,,,,,,,,,,,
Fact,Fact,Interesting facts about the world we live in. Facebook: https://www.facebook.com/OfficialFacts / Enquiries: tweetingfacts@gmail.com,,,,,,,,,,,,,
snapdeal,Snapdeal,"Snapdeal is India's largest online marketplace, featuring a wide assortment of products across categories with over 60 million members.",,,,,,,,,,,,,
ssrajamouli,rajamouli ss,film director,,,,,,,,,,,,,
ItsPrachiDesai,Prachi Desai,OCD - Obsessive Coffee Disorder ?? Cupcake Monster .. Cat stalker!,,,,,,,,,,,,,
chinaorgcn,China.org.cn,China's national online news service,,,,,,,,,,,,,
RailMinIndia,Ministry of Railways,"Official Account of the Ministry of Railways, Government of India.",,,,,,,,,,,,,
firstpost,Firstpost,http://Firstpost.com will track news in India and the world and provide a perspective that is reflective of a changing dynamic.,,,,,,,,,,,,,
IBM,IBM,"Official IBM Twitter account. Managed by Brittany Detamore, Edwin Betts and Katie Keating. Follows the IBM Social Computing Guidelines.",,,,,,,,,,,,,
aditiraohydari,Aditi Rao Hydari,"Dance like the wind, Sing like the rain, Love like the ocean, Kick Butt like a BAWSE!",,,,,,,,,,,,,
urstrulyMahesh,Mahesh Babu,Actor in Indian Telugu Cinema,,,,,,,,,,,,,
AmritaRao,AMRITA RAO,"MONDAY To FRIDAY 8PM on - &TV
                  ( MERI AAWAZ HI PEHCHAN HAI ) - FINITE Fiction Show",,,,,,,,,,,,,
ThatsEarth,Earth Pics,Breathtaking pictures from around the world!,,,,,,,,,,,,,
gilly381,Adam Gilchrist,"Perth, Australia, http://instagram.com/gilly381",,,,,,,,,,,,,
MSFTResearch,Microsoft Research,"Founded in 1991, Microsoft Research is dedicated to conducting both basic and applied research in computer science and software engineering.",,,,,,,,,,,,,
ash_r_dhanush,Aishwaryaa.R.Dhanush,....this is the real me ...,,,,,,,,,,,,,
IntelEDU,Intel Education,Helping educators transform education around the globe.,,,,,,,,,,,,,
amazonIN,Amazon.in,The official Twitter feed of http://www.amazon.in,,,,,,,,,,,,,
mandybedi,mandira bedi,"shanti, ashanti, actor, anchor, foodie, exercise junkie, saree designer, believer.. Blessed!",,,,,,,,,,,,,
Accenture,Accenture,"Follow us for updates on Accenture research, blogs, podcasts and more. Tweets by the Accenture Twitter Team.",,,,,,,,,,,,,
ch9,Microsoft Channel 9,Channel 9 keeps you up to date with videos from people behind the scenes building products at Microsoft.,,,,,,,,,,,,,
limkokwing,Limkokwing,Founder and President of Limkokwing University of Creative Technology   Asia . Africa . Europe,,,,,,,,,,,,,
JimCameron,James Cameron,,,,,,,,,,,,,,
cctvnews,CCTVNEWS,"Official account for CCTV NEWS, the English news channel of China Central Television (CCTV).",,,,,,,,,,,,,
AudiIN,Audi India,Official Audi India Twitter account. Follow us to get the latest official news and updates from Audi India.,,,,,,,,,,,,,
wto,WTO,The World Trade Organization deals with the global rules of trade between nations. Also follow @WTODGAZEVEDO,,,,,,,,,,,,,
sanjaymanjrekar,Sanjay Manjrekar,"Longer career talking cricket than playing cricket, shows which is easier. Business Manager: Rajiv Kumar - 9rajivkumar@gmail.com",,,,,,,,,,,,,
rahulkanwal,Rahul Kanwal,"Managing Editor @IndiaToday @Aajtak Anchor Newsroom, Seedhi Baat Our Newsroom goes where the news is. Fiercely non-aligned. Ideologically agnostic.",,,,,,,,,,,,,
Siva_Kartikeyan,Sivakarthikeyan,Actor in Tamil Film Industry,,,,,,,,,,,,,
BajpayeeManoj,Manoj Bajpayee,Actor  india,,,,,,,,,,,,,
OfficialCSA,Cricket South Africa,The official Cricket South Africa Twitter profile. CSA are the custodians of cricket in South Africa. Facebook: http://www.facebook.com/CricketSouthAfrica,,,,,,,,,,,,,
Limkokwing_MY,Limkokwing Uni,Officially recognised as Malaysia's University of Innovation and Transformation. Follow us for breaking news and updates.,,,,,,,,,,,,,
Wipro,Wipro,"Official Wipro account- Global leader in Consulting, Technology, Outsourcing | $7.6 Bn  company (NYSE:WIT) | 170,000+ employees | Presence in 175 cities",,,,,,,,,,,,,
Qantas,Qantas,"The official Qantas Twitter page to share information & get feedback. We’re online 24 hours a day, 7 days a week.",,,,,,,,,,,,,
BoschGlobal,BoschGlobal,Bosch is a leading global supplier of technology & services. We tweet about global topics like #mobility #energy  #connectivity. Imprint http://on.fb.me/tls8gj,,,,,,,,,,,,,
chintskap,Rishi Kapoor,Son of a famous Father-Father of a famous Son.I am the hyphen in between them /Anti National or abusers will be blocked.,,,,,,,,,,,,,
kritisanon,Kriti Sanon,Actor,,,,,,,,,,,,,
googletalks,Talks at Google,"The Talks at Google Program hosts innovators, world leaders, authors and more from around the world. We broadcast the talks on http://youtube.com/talksatgoogle",,,,,,,,,,,,,
MichaelVaughan,Michael Vaughan,Manchester born sheffield lad. Ex England cricket skipper.Wednesday supporter and very keen golfer.. Intagram... MVaughan40,,,,,,,,,,,,,
LalitKModi,Lalit Kumar Modi,"Worker @ http://Fightcorruption.org, Founder and architect @IPL Indian Premier League & @CLT20, President RCA, President Modi Enterprises http://www.modi.com",,,,,,,,,,,,,
BrianLara,Brian Lara,"Trini, father to 2 girls Sydney & Tyla. 
Sport & Tourism Ambassador. 
Love the square drive. 
Former cricketer now golfer 5 handicap 
Instagram: @bcl375400",,,,,,,,,,,,,
vwpress_en,Volkswagen News,"Official account of Volkswagen (brand) delivering news for press, media and influencers. (Deutsch: @vwpress_de) Imprint: http://vwgroup.to/K5Tqi",,,,,,,,,,,,,
drharshvardhan,Dr. Harsh Vardhan,"Union Minister of Science & Technology, Earth Sciences - Government of India, ENT Surgeon, Ex. Advisor - World Health Organization (WHO)",,,,,,,,,,,,,
ShaneRWatson33,Shane Watson,"Proud Dad, T20 Nomad and Wanna Be Rocker",,,,,,,,,,,,,
duttsanjay,Sanjay Dutt,"Actor, Producer and Co Founder Chairman of Super Fight League (SFL) India's First Professional MMA League.",,,,,,,,,,,,,
abdullah_omar,Omar Abdullah,"Former CM of J&K; MLA from Beerwah, Budgam (the gateway to Gulmarg). Tweets reflect my POV & not always my party's. Retweets just mean something interested me.",,,,,,,,,,,,,
priyamani6,priyamani,Actor...animal-o-holic....keep supporting me..,,,,,,,,,,,,,
HMOIndia,HMO India,Office of the Home Minister of India,,,,,,,,,,,,,
RandeepHooda,Randeep Hooda,"Actor, Equestrian Sportsman and the proud owner of @royal_roosters polo team and Gurgaon Polo And Equestrian Club",,,,,,,,,,,,,
rsprasad,Ravi Shankar Prasad,"Law & Justice, Information Technology Minister of India

#DigitalIndia",,,,,,,,,,,,,
JamesFaulkner44,James Faulkner,The Official Twitter page of: @CricketAus @Crickettas @StarsBBL @TheGujaratLions and @LancsCCC player. Bat @Gray_Nicolls. Footwear @ASICSaustralia.,,,,,,,,,,,,,
soundaryaarajni,soundarya rajnikanth,The Official Handle of Soundarya Rajinikanth,,,,,,,,,,,,,
salim_merchant,salim merchant,"INDIAN, Parent, musician ,composer, producer, singer, indian idol judge, dreamer...",,,,,,,,,,,,,
lionsdenkxip,Kings XI Punjab,"Official Twitter handle of Kings XI Punjab! 

Find us on FB @ http://fb.com/KingsXIPunjab & Instagram at http://instagram.com/kxipofficial!",,,,,,,,,,,,,
geniebouchard,Genie Bouchard,Tennis player - Snap: genieebouchard - Contact: colin@prp-lv.com,,,,,,,,,,,,,
y_umesh,Umesh Yaadav,Indian Cricketer,,,,,,,,,,,,,
VVSLaxman281,VVS Laxman,"Ex-International Cricketer, Mentor @SunRisers",,,,,,,,,,,,,
imjadeja,Ravindrasinh jadeja,"Indian cricketer, RAJPUT,",,,,,,,,,,,,,
sundarpichai,sundarpichai,"CEO, @google",,,,,,,,,,,,,
FlyAirNZ,Air New Zealand??,The official Air New Zealand Twitter account ? We're listening 24/7. Please call 0800 737 000 for immediate assistance.,,,,,,,,,,,,,
BlackBerryHelp,BlackBerryHelp,"Official Twitter support account of BlackBerry.
We offer DM support. Follow us and send us a message.  We're staffed from Monday to Saturday.",,,,,,,,,,,,,
markb46,mark boucher,Ex sportsman.Love wildlife.Fighting poachers.Judge a person on how they treat animals!,,,,,,,,,,,,,
DabbooRatnani,DABBOO RATNANI,Celebrity & Fashion Photographer,,,,,,,,,,,,,
DavidHussey29,David Hussey,The Official Account of @StarsBBL @Bushrangers cricketer David Hussey. ambassador for @kidneyhealth and @walktoschoolvic,,,,,,,,,,,,,
KajolAtUN,Kajol,Indian Actor. Padma Shri Awardee. Hand washing champion and #HelpAChildReach5 ambassador. Account is managed by Kajol and the #HelpAchildReach5 team.,,,,,,,,,,,,,
mstarc56,Mitch Starc,"NSW, Sydney Sixers, Bangalore Royal Challenger and Australian cricketer... Chocolate and ice cream get me every time..",,,,,,,,,,,,,
sidmallya,Sid Mallya,Future Legend and terrible speller,,,,,,,,,,,,,
narainracing,Narain Karthikeyan,,,,,,,,,,,,,,
CFAinstitute,CFA Institute,Shaping the investment industry for the greater good.,,,,,,,,,,,,,
ChouhanShivraj,ShivrajSingh Chouhan,"Chief Minister of Madhya Pradesh, India",,,,,,,,,,,,,
Suriya_offl,Suriya Sivakumar,Actor,,,,,,,,,,,,,
menongautham,Gauthamvasudevmenon,Engineering films,,,,,,,,,,,,,
jimmysheirgill,Jimmy sheirgill,Actor Producer,,,,,,,,,,,,,
msftsecurity,Microsoft Secure,"The official Twitter handle for the Microsoft Secure team. Follow for news, updates, and much more. #MSSecure",,,,,,,,,,,,,
AliZafarsays,Ali Zafar,Un artiste,,,,,,,,,,,,,
staralliance,Star Alliance,"The Star Alliance network provides a range of benefits for the international traveller to improve their travel experience, wherever they are in the world.",,,,,,,,,,,,,
googlewmc,Google Webmasters,News and resources from Google to help webmasters make great sites.,,,,,,,,,,,,,
TheOfficialSBI,State Bank of India,"Welcome to the official channel of SBI. Join us for daily updates on our products, services, initiatives & helpful tips from our experts.",,,,,,,,,,,,,
opera,Opera,"We make apps that help you do more online. Join our community to see tips, news and behind-the-scenes.",,,,,,,,,,,,,
ChromiumDev,Chrome Developers,News for developers from the Google Chrome Developer Relations team.,,,,,,,,,,,,,
BBM,BBM,"BBM is for active, real conversations.  It’s free, instant and always connected. Your messages are delivered and read in seconds. You trust it. You control it.",,,,,,,,,,,,,
Amala_ams,Amala Paul,Actor...Seeker...Explorer..Achiever,,,,,,,,,,,,,
RahulBose1,Rahul Bose,"Director, @poornathefilm (releases 2016). Actor. India Rugby player (1998-2009). Oxfam Global Ambassador. Founder, The Foundation. http://www.thefoundation.in",,,,,,,,,,,,,
KumarSanga2,Kumar Sangakkara,has been cricketer still plodding along Instagram sangalefthander,,,,,,,,,,,,,
imbhandarkar,Madhur Bhandarkar,"A film buff & ex video-cassette delivery boy who dreamt of becoming a filmmaker. Currently living my dream! Filmmaker, India",,,,,,,,,,,,,
nsitharaman,Nirmala Sitharaman,"Union Minister of State, Commerce & Industry (I/C), GoI, MP (RS) representing Karnataka, Formerly BJP Natl Spokesperson. Views personal, RTs no endorsement.",,,,,,,,,,,,,
iam_str,STR,"i am just an actor , god is my director !!!",,,,,,,,,,,,,
LoveQuotes,Love Quotes,IG: http://Love.Post FB: LoveQuotesTwitter. [[Business: LoveQuotesTwitter@gmail.com]],,,,,,,,,,,,,
shankarshanmugh,Shankar Shanmugham,"Director, Producer, Story and Screenplay writer.",,,,,,,,,,,,,
AndroidAuth,Android Authority,http://AndroidAuthority.com - A website dedicated to bringing you the inside scoop on the world of Android!,,,,,,,,,,,,,
vwgroup_en,Volkswagen Group,"Official account of Volkswagen Group delivering news for press, media and influencers. (Deutsch: @vwgroup_de) Imprint: http://vwgroup.to/K5Tqi",,,,,,,,,,,,,
vp_offl,venkat prabhu,film maker & a die hard fan of team india & team csk,,,,,,,,,,,,,
TCS,TCS,"Official Twitter Channel of Tata Consultancy Services (TCS), a World-leading IT Services, Business Solutions and Consulting company, part of the Tata Group.",,,,,,,,,,,,,
DineshKarthik,DK,"CRICKETER 

@tuti_patriots  @gujaratlions  #BCCI 

Proud Indian and a car lover.",,,,,,,,,,,,,
SamsungCamera,Samsung Camera,What have you captured on your Samsung SMART CAMERA today? Share your moments with us!,,,,,,,,,,,,,
CiscoSecurity,Cisco Security,"Cisco provides unmatched visibility, continuous control & advanced threat protection across the entire attack continuum – before, during, and after an attack.",,,,,,,,,,,,,
Swannyg66,Graeme Swann,"cricketer, documentary maker, lead singer, worldwide trend leader in hairstyles for men who look fifteen years younger than they actually are.",,,,,,,,,,,,,
nitin_gadkari,Nitin Gadkari,Union Minister of Road Transport & Highways and Shipping,,,,,,,,,,,,,
jaavedjaaferi,Jaaved Jaaferi,"Biodegradable Entertainer. 
Actor, producer, director, stand up comedian, choreographer, voice artist, occasional pessimist, frequent optimist. Aam Aadmi",,,,,,,,,,,,,
iamnagarjuna,Nagarjuna Akkineni,film actor,,,,,,,,,,,,,
MissMalini,MissMalini,"Bollywood, Fashion & Lifestyle Blogger. Social Media Jedi. Left-handed. Gemini. #LOVE #FOMO He who controls the spice controls the universe! (@maliniagarwal)",,,,,,,,,,,,,
iamlakshmirai,RAAI LAXMI,"Actor n proud to be part of indian cinema! Hard work is my lifestyle n cinema is in my blood! Follow me on:-www.facebook.com/iamlakshmirai ,Insta:- iamraailaxmi",,,,,,,,,,,,,
rajasthanroyals,Rajasthan Royals,The Official Twitter Handle of Rajasthan Royals #AlwaysARoyal,,,,,,,,,,,,,
TOIIndiaNews,TOI India,Latest news from all over the country brought to by India’s No.1 digital news destination http://timesofindia.com,,,,,,,,,,,,,
sagarikaghose,Sagarika Ghose,"Journalist, author,blogger named Bloody Mary.  Author `The Gin Drinkers' & `Blind Faith'. Consulting Editor, Times Of India. My blog: http://blogs.timesofindia.com",,,,,,,,,,,,,
RajeevMasand,Rajeev Masand,Movie-geek,,,,,,,,,,,,,
vikramchandra,Vikram Chandra,"Anchor of the Big Fight, Gadget Guru, 9 o'clock news, Cleanathon, Save our Tigers etc. Tech junkie. Have led NDTV's online initiatives for 17 years.",,,,,,,,,,,,,
pragyanojha,Pragyan Ojha,PROUD INDIAN. 261st Test Cricketer for Team India. Join me also on http://www.instagram.com/pragyanojha,,,,,,,,,,,,,
airnewsalerts,All India Radio News,"Official account of News Services Division, All India Radio.",,,,,,,,,,,,,
SunRisers,SunRisers Hyderabad,Welcome to the official account of SunRisers Hyderabad #OrangeArmy Follow us on Instagram: https://www.instagram.com/sunrisershyd,,,,,,,,,,,,,
JabongIndia,Jabong.com,"Be Real. Be True. BE YOU.

http://Jabong.com is India's Biggest online shopping extravaganza & your new online addiction",,,,,,,,,,,,,
Rio2016_en,Rio 2016,Official Rio 2016 Olympic and Paralympic Organising Committee profile in English. Português:@rio2016. Español: @rio2016_es.,,,,,,,,,,,,,
actor_jayamravi,Jayam Ravi,An actor trying to entertain people.,,,,,,,,,,,,,
hershybru,Herschelle Gibbs,"former cricketer,serious golfer and tv analyst.instagram herschellegibbs",,,,,,,,,,,,,
HPE_News,HPE News,"Official news from HPE, curated by the Global Communications team. Press only: corpmediarelations@hpe.com",,,,,,,,,,,,,
anilkumble1074,Anil Kumble,"Head Coach - Indian Cricket Team, Wildlife Photographer",,,,,,,,,,,,,
myntra,Myntra,"Everything you need to Look Good! For issues with your Myntra orders, tweet @MyntraSupport",,,,,,,,,,,,,
AndreAgassi,Andre Agassi,#Vegas @AgassiPrep @AAFforE,,,,,,,,,,,,,
Viber,Viber,Positive vibes only. Connect freely on Viber. Contact @ViberHelp for technical support or visit http://support.viber.com/,,,,,,,,,,,,,
DDNewsLive,Doordarshan News,"Official Twitter account of DDNews,The Public Broadcaster of India
 ????? ??? @DDNewsHindi",,,,,,,,,,,,,
TheMindBlowing,Mind Blowing,"We post Mind Blowing facts and stuff. When you doubt our facts, just Google them. Thank you. Mail: Contact@TheMindBlow.com",,,,,,,,,,,,,
utvfilms,UTV Motion Pictures,"We're the studio that brought you Rang De Basanti, Barfi, Chennai Express, DevD, Haider, PK & many more flicks you've absolutely loved!",,,,,,,,,,,,,
ECB_cricket,ECB,Official account of the England and Wales Cricket Board. For the England teams please follow @englandcricket,,,,,,,,,,,,,
StarPlus,STAR Plus,"Official account of India’s leading Hindi General Entertainment Channel. We bring smiles, tears, inspiring & entertaining shows to millions across the world.",,,,,,,,,,,,,
DelhiDaredevils,Delhi Daredevils,"The Official Twitter handle of Delhi Daredevils. 
Follow us on Facebook at http://www.facebook.com/delhidaredevils. Instagram @officialdaredevils.",,,,,,,,,,,,,
cathaypacific,Cathay Pacific,"Welcome to the Cathay Pacific Airways Twitter community, where you can share your #lifewelltravelled moments!  You’ll find us tweeting Mon-Fri between 9am & 5pm",,,,,,,,,,,,,
HDFCLIFE,HDFC Life,Join India’s leading Life Insurance solution provider to cherish every Sar Utha Ke Jiyo moment.,,,,,,,,,,,,,
kaspersky,Kaspersky Lab,Kaspersky Lab is the world’s largest privately held vendor of Internet security solutions for businesses and consumers.,,,,,,,,,,,,,
oneplus,OnePlus,We make smartphones. Help us make them the best the world has seen.,,,,,,,,,,,,,
boxofficeindia,Box Office India,"India's Premier Film Trade Magazine, Published Every Saturday. YouTube: http://youtube.com/boxofficendiamag",,,,,,,,,,,,,
PritishNandy,Pritish Nandy,"Poet. Former Editor and Publishing Director Times of India. Member of Parliament. Founder People for Animals. Genesis International Humanitarian Award, US.",,,,,,,,,,,,,
PIB_India,PIB India,"Press Information Bureau. Nodal agency for communicating to media on behalf of  #Government of #India. Follow for official #GoI updates 
http://facebook.com/pibindia",,,,,,,,,,,,,
BhuviOfficial,Bhuvneshwar Kumar,Team India. Proud to be blue.,,,,,,,,,,,,,
PTI_News,Press Trust of India,PTI !  We bring the World to you...,,,,,,,,,,,,,
thevirdas,Vir Das,Comedian/Actor/Jester/PajamaWearer/BulldogEnthusiast/SherlockHolmesFan  WEBSITE: http://www.virdas.in Facebook: https://www.facebook.com/TheVirDasOfficial?ref=settings,,,,,,,,,,,,,
PiyushGoyal,Piyush Goyal,"Minister of State with Independent Charge for Power, Coal, New & Renewable Energy and Mines in Government of India l Office Account http://twitter.com/PiyushGoyalOffc",,,,,,,,,,,,,
Maheshbhupathi,Mahesh Bhupathi,"An Outlier,Twice over!",,,,,,,,,,,,,
Androidheadline,Android Headlines,"All The Latest Breaking Android News & Rumors Covering Phones,Tablets, Apps, Reviews and More.",,,,,,,,,,,,,
TheHindu,The Hindu,"News, features and analysis from The Hindu, India's leading national daily",,,,,,,,,,,,,
FarahKhanAli,Farah Khan,"Jewellery Designer, Farah Khan Jewellery Brand. Committed working professional passionate about what I do. Hate divisive forces, love Unity. Live & let live",,,,,,,,,,,,,
RonnieScrewvala,Ronnie Screwvala,"In #DreamWithYourEyesOpen, #entrepreneur Ronnie Screwvala details experiences from decades of building #successful (& some not-so-successful) #businesses.",,,,,,,,,,,,,
GoogleIndia,Google India,Updates from Google India. You can also join us on http://www.google.com/+GoogleIndia,,,,,,,,,,,,,
ChinaRealTime,WSJ China Real Time,"Insight and analysis on a changing China, from WSJ and Dow Jones",,,,,,,,,,,,,
DharmaMovies,Dharma Productions,Heart-warming storylines... Stellar megastar casts... Record box-office collections... Watch our films on http://bit.ly/Dharma-YT,,,,,,,,,,,,,
gvprakash,G.V.Prakash Kumar,"Indian film score and soundtrack composer ,singer , actor & producer",,,,,,,,,,,,,
Eoin16,Eoin Morgan,Middlesex and England Cricketer,,,,,,,,,,,,,
M_Lekhi,Meenakashi Lekhi,"Lawyer,Social activist,BJP National Spokesperson, MPfrom New Delhi Lok Sabha Constituency,Chairperson of Parliamentary Committee on Privileges",,,,,,,,,,,,,
xdadevelopers,XDA Developers,You have found the world-famous XDA-Developers Twitter! Catch up on the latest news or just say Hi,,,,,,,,,,,,,
IndiaTodayFLASH,IndiaTodayFLASH,No dragging feet on news. Crisp & short news shots served here,,,,,,,,,,,,,
MahelaJay,Mahela Jayawardena,The Official Account of Mahela Jayawardena. Love playing golf & a huge fan of Man United!,,,,,,,,,,,,,
ShekharRavjiani,Shekhar Ravjiani,Music and Love know no boundaries. Stay connected with me on https://www.facebook.com/ShekharRavjianiOfficial,,,,,,,,,,,,,
Actorjiiva,J,"An Actor,Producer,traveller,Gamer,Movie buff,Music tripper,wannabe Photographer,learner n Loading.....",,,,,,,,,,,,,
CricketAus,cricket.com.au,"Cricket news, scores and highlights produced by Cricket Australia's digital content team. Follow @CAComms for official Cricket Australia communication.",,,,,,,,,,,,,
Gen_VKSingh,Vijay Kumar Singh,"Minister of State for External Affairs,Govt. of India| MP from Ghaziabad| Former Chief of Army Staff, India",,,,,,,,,,,,,
HyundaiIndia,HyundaiIndia,"Welcome to the Hyundai India Official Twitter handle, the second largest car manufacturer and the largest passenger car exporter from India",,,,,,,,,,,,,
IrfanPathan,Irfan Pathan,"Professional cricketer - plays for the Indian Cricket team, Baroda. Loves driving, biryani, music,little reading:)",,,,,,,,,,,,,
Gary_Kirsten,Gary Kirsten,Husband and Father,,,,,,,,,,,,,
TSeries,TSeries,"Music and Movie is one combo you just can't resist, we're here to serve you both! Follow us to get all updates on our upcoming songs first! http://www.youtube.com/tseries",,,,,,,,,,,,,
tiwarymanoj,Manoj Tiwary,Proud Indian. Instagram: mannirocks14,,,,,,,,,,,,,
PrakashJavdekar,Prakash Javadekar,"Minister for Human Resource Development, Government of India.",,,,,,,,,,,,,
ericsson,Ericsson,The Networked Society transforms industries & creates opportunities for everyone. Join the conversation with @christineluby.,,,,,,,,,,,,,
java,Java,This is the official Twitter channel for Java and the source for Java news from the Java community,,,,,,,,,,,,,
cheteshwar1,cheteshwar pujara,Cricketer,,,,,,,,,,,,,
getbootstrap,Bootstrap,"Official account for Bootstrap, a toolkit providing simple and flexible HTML, CSS, and JS for popular UI components and interactions. Tweets by @mdo.",,,,,,,,,,,,,
GAUAHAR_KHAN,GAUAHAR KHAN,"http://Instagram.com/gauaharkhan ,http://www.facebook.com/officialgauaharkhan for a crazy me follow me on snapchat @gauaharkhan",,,,,,,,,,,,,
satyamevjayate,Satyamev Jayate,"A TV show that discusses social issues in India. Till date, 24 topics have been addressed across 3 seasons. To know more, visit satyamevjayate.in.",,,,,,,,,,,,,
MarsOrbiter,ISRO's Mars Orbiter,"India's first mission to Mars. Orbiting the Red Planet since Sep 24, 2014. Explorer. Loves science, photography and long cruises.",,,,,,,,,,,,,
Deloitte,Deloitte,"Sharing the latest news, research, events and more from Deloitte Touche Tohmatsu Limited (DTTL) and Deloitte member firms. More http://www.deloitte.com/about",,,,,,,,,,,,,
NITIAayog,NITI Aayog,"NITI Aayog (National Institution for Transforming India) serves as a Think Tank of the Government, a directional & policy dynamo. RT does not imply endorsement.",,,,,,,,,,,,,
jiteshpillaai,J,"The journey within... Editor, filmfare",,,,,,,,,,,,,
adgpi,ADG PI - INDIAN ARMY,"Additional Directorate General of Public Information, IHQ of MoD (Army),",,,,,,,,,,,,,
SriSri,Sri Sri Ravi Shankar,Mission: To See a Smile on Every Face;  One World Family (Vasudhaiva Kutumbakam) ~ Sri Sri Ravi Shankar,,,,,,,,,,,,,
volkswagenindia,Volkswagen India,"The official Twitter account of Volkswagen India. Tag us if you own a Volkswagen, and don't forget to Like us on Facebook- https://www.facebook.com/Volkswagenindia",,,,,,,,,,,,,
ANI_news,ANI,"Asian News International.Multi-media news agency,content for information platforms:TV,Internet,broadband,newspapers,mobiles https://www.facebook.com/ANINEWS.IN",,,,,,,,,,,,,
cricketworldcup,Cricket World Cup,Official account of the ICC Cricket World Cup 2015 hosted by Australia and New Zealand. Join the conversation with #cwc15,,,,,,,,,,,,,
SharePoint,Microsoft SharePoint,Simple. Intelligent. Untethered.,,,,,,,,,,,,,
Infosys,Infosys,"Infosys is a global leader in technology services and consulting, enabling clients in 50+ countries to create & execute their digital transformation strategies.",,,,,,,,,,,,,
FordIndia,Ford India,Stay in touch with Ford India. Account run by Udit Jain (^UJ).,,,,,,,,,,,,,
Nawazuddin_S,Nawazuddin Siddiqui,"Nawazuddin Siddiqui.
Actor",,,,,,,,,,,,,
ComedyCentralIn,Comedy Central India,Your #HappyPlace Facebook: https://www.facebook.com/comedycentralindia,,,,,,,,,,,,,
reddysameera,Sameera Reddy,"Entrepreneur, Biker Girl, Scuba Diver, Actor and sometimes a Chef! :P welcome to my Twitter World!",,,,,,,,,,,,,
atulkasbekar,atul kasbekar,"Photographer, Producer #Neerja and head of Bling! Celeb Management. Lifetime fan of the Arsenal Football Club, the LA Lakers... and all things Team India",,,,,,,,,,,,,
video,Twitter Video,"The best videos on @Twitter every day. The official channel of the Twitter Video team, featuring product updates, videos, and tips!",,,,,,,,,,,,,
Premgiamaren,PREMGI,??? ???????,,,,,,,,,,,,,
Dev_Fadnavis,Devendra Fadnavis,Chief Minister of Maharashtra,,,,,,,,,,,,,
iphoneinformers,iPhone Informer,"Latest iPhone, iOS and apps news.",,,,,,,,,,,,,
visitflanders,VISITFLANDERS,VISITFLANDERS is the official guide to Flanders and Brussels.,,,,,,,,,,,,,
ebayindia,eBay India,"Official eBay India Feed: Watch this space for company announcements, developments,news. We want to hear from you as well so please keep sending in suggestions.",,,,,,,,,,,,,
LumiaIndia,Lumia India,"The official destination for the latest news, updates and insights from the Microsoft Lumia India team. For support Tweet @LumiaHelp",,,,,,,,,,,,,
clt20,CLT20,Follow to get exclusive and real-time Champions League Twenty20 news and updates.,,,,,,,,,,,,,
7polly7,Shaun Pollock,"Jesus follower, Ex-cricketer,Full time family man, part time commentator/coach, aspiring golfer & occasional tweeter.",,,,,,,,,,,,,
thetanmay,Tanmay Bhat,"Writer, Comic, Podcaster, YouTuber : Co-Founder All India Bakchod. http://facebook.com/indiabakchod / Instagram : TanmayBhat / Snapchat : thetanmay",,,,,,,,,,,,,
msdev,Microsoft Developer,"Microsoft Developer is your resource for development tips, tricks, research, case studies...Everything you need to develop apps that users love.",,,,,,,,,,,,,
ThisIsDSP,DEVI SRI PRASAD,"Music Composer,Singer,Performer.. Composer of Dhinka Chika, Ringa Ringa, AaAnte Amalapuram,Daddy Mummy etc..",,,,,,,,,,,,,
StarMoviesIndia,STAR Movies India,The official Twitter profile of STAR Movies India & Star Movies Select HD.,,,,,,,,,,,,,
GoogleMobile,Google Mobile,"News, tips and updates about Google products on your mobile phone.",,,,,,,,,,,,,
AppleSupport,Apple Support,"We’re here to provide tips, tricks and helpful information when you need it most. We’re available every day to answer your questions, from 5am-8pm Pacific.",,,,,,,,,,,,,
SonyMobileNews,Sony Xperia News,"Sony Mobile's global PR team with news, views & info on #SonyXperia smartphones, as it happens. Curated by the Sony Mobile Newsroom team.",,,,,,,,,,,,,
SalmanRushdie,Salman Rushdie,In the immortal words of Popeye the Sailor Man: I yam what I yam and that's all that I yam.,,,,,,,,,,,,,
HaydosTweets,Matthew Hayden AM,MD of The Hayden Way and Get Outside Group. We play with our hearts and always on the front foot. Thank you for being a part of my journey. OUR JOURNEY!,,,,,,,,,,,,,
imWilISmith,Will Smith,Here to inspire you. *Parody* In no way affiliated with the actor Will Smith.,,,,,,,,,,,,,
GoogleMapsAPI,Google Maps API,"Add maps and location to your iOS, Android and web apps with Google APIs! 

For bugs or feature requests, please use https://goo.gl/eS1VBi",,,,,,,,,,,,,
pakalupapito,pakalu papito,started from gas station now we here.,,,,,,,,,,,,,
Bollyhungama,Bollywood Hungama,"Your ultimate destination for exclusive updates on your favorite celebrities, films, events & more.",,,,,,,,,,,,,
ReutersChina,Reuters China,"China news, insight, pictures and videos from Reuters.",,,,,,,,,,,,,
EverythingMS,Everything Microsoft,"Going Beyond Windows, Aggregating Everything Microsoft. Part of the @newsbythehour network.",,,,,,,,,,,,,
ShahnawazBJP,Shahnawaz Hussain,BJP National Spokesperson. Youngest Ever Cabinet Minister(Former) in Government of India.,,,,,,,,,,,,,
ElizabethHurley,Elizabeth Hurley,"Mummy, The Queen in E's The Royals, Estée Lauder Spokesmodel, Bikini Designer, Farmer. http://www.facebook.com/ElizabethHurley . Instagram: @ElizabethHurley1",,,,,,,,,,,,,
RpSingh99,R P Singh,Indian Cricketer,,,,,,,,,,,,,
dreamgirlhema,Hema Malini,"Artist/performer is who i am.,rest is love from all and blessings of almighty.",,,,,,,,,,,,,
divyadutta25,Divya Dutta,Indian Actress,,,,,,,,,,,,,
Cognizant,Cognizant,Cognizant Technology Solutions (NASDAQ: $CTSH) — leading global IT and business process outsourcing services provider.,,,,,,,,,,,,,
MoneyGramMe,MoneyGram,MoneyGram helps connect people through our global money transfer network.,,,,,,,,,,,,,
HRDMinistry,Ministry of HRD,"Official Twitter Account of the Ministry of Human Resource Development, Government of India.",,,,,,,,,,,,,
VodafoneIN,Vodafone India,Welcome to the official Twitter account of Vodafone India. Tweet us if you have queries on your Vodafone connection and we'd be happy to help.,,,,,,,,,,,,,
Huawei,Huawei Technologies,"Official Huawei Twitter. Leading global ICT solutions provider serving telcos, producing enterprise solutions and smartphones for a better connected world.",,,,,,,,,,,,,
SonyTV,Sony TV,"Sony TV is one of the leading Hindi GEC in India. It has created a unique space, in TV programming, with movies, fiction & non–fiction shows such as #KBC.",,,,,,,,,,,,,
therealrussellp,Russell Peters,"Joke Slinger, and good chance I tweeted while on the toilet!  @russellpeters on Instagram",,,,,,,,,,,,,
Mohanlal,Mohanlal,A Proud and Blessed Indian! A part of the Indian Movie Fraternity from God's Own Country.,,,,,,,,,,,,,
KPMG,KPMG,Driving conversations on emerging business issues and opportunities. Follow our tweets and join the global dialogue.,,,,,,,,,,,,,
CameronWhite152,Cameron White,The Official Account of @Bushrangers @RenegadesBBL .... Cameron White...@au_tla .... Instagram - cwhite152,,,,,,,,,,,,,
StarWorldIndia,Star World,"Home to the Finest English Entertainment! 
RTs are not endorsements.",,,,,,,,,,,,,
VirginAustralia,Virgin Australia,Welcome to the official page for Virgin Australia. We're here to help from 5am-11pm (AEST). For 24/7 assistance call 13 67 89. Feedback: http://virg.co/RetMw,,,,,,,,,,,,,
whymicrosoft,Why Microsoft,Discover how Microsoft delivers more value than the competition and see why customers choose solutions like @Office365. #WhyMsft | For support: @MicrosoftHelps,,,,,,,,,,,,,
Udhaystalin,Udhay,producer/ actor,,,,,,,,,,,,,
BiggBoss,Bigg Boss,"For the first time in the history of Bigg Boss, we have opened the gates of the house for the entire nation.",,,,,,,,,,,,,
twitterfaith,Twitter Faith,"Religious related tweets from around the world. For press inquiries, please contact press@twitter.com.",,,,,,,,,,,,,
PTIofficial,PTI,"Official twitter account of Pakistan Tehreek-e-Insaf (Pakistan Movement for Justice). SMS your Name,CNIC Number to 90088 and Become a Registered PTI Member",,,,,,,,,,,,,
narendramodi_in,narendramodi_in,"Twitter account of http://www.narendramodi.in – The official website of Shri Narendra Modi, the Prime Minister of India.",,,,,,,,,,,,,
vijaytelevision,Vijay Television,Vijay Television is a leading Tamil language entertainment channel | retweets are not endorsements,,,,,,,,,,,,,
sureshpprabhu,Suresh  Prabhu,"Minister for Railways, Government of India",,,,,,,,,,,,,
inRedBull,Red Bull India,#GivesYouWings,,,,,,,,,,,,,
R_Khanna,Rahul Khanna,Boutique Bollywood Actor,,,,,,,,,,,,,
iamVikramPrabhu,Vikram Prabhu,Living in the moment! Loving every minute!,,,,,,,,,,,,,
CyanogenMod,CyanogenMod,"CyanogenMod is a community, developer-friendly Android distribution for 100+ devices.",,,,,,,,,,,,,
Vh1India,Vh1 India,Get With the Best in English Entertainment!,,,,,,,,,,,,,
basuanurag,anurag basu,,,,,,,,,,,,,,
parthiv9,parthiv patel,cricketer,,,,,,,,,,,,,
realradikaa,Radikaa Sarathkumar,"actor,ceo,mom,cook and fun loving.",,,,,,,,,,,,,
YESBANK,YES BANK,YES BANK is India’s 5th largest private sector bank and is here to help you with all your banking needs & be your personal growth propeller.,,,,,,,,,,,,,
MishiAmit,Amit Mishra,"Indian cricketer, patriot, family oriented, loves shopping & photographing nature.",,,,,,,,,,,,,
TheRajKundra,Raj Kundra,"An entrepreneur who loves his life, wife, son, family and business!!!",,,,,,,,,,,,,
sony_india,Sony India,"Welcome to the official Sony India Twitter page. Experience imagination made real through the people, places & products  that give life to the Sony world.",,,,,,,,,,,,,
sreesanth36,Sreesanth,Time heals evrything,,,,,,,,,,,,,
SGanguly99,Sourav Ganguly,"My official Twitter handle, managed by me and my team",,,,,,,,,,,,,
RajkumarHirani,Rajkumar Hirani,Film Director,,,,,,,,,,,,,
autocarindiamag,Autocar India,India's leading Automotive publication on Twitter,,,,,,,,,,,,,
RenaultIndia,Renault India,"Design. Safety. Innovation.
Renault Powers Champions. Since 1898.
Like us on: http://facebook.com/RenaultIndia |
Watch us on: https://youtube.com/RenaultTVIndia",,,,,,,,,,,,,
JBLaudio,JBL,JBL turns every moment into an extraordinary experience making your music come alive. Customer Service: 9-5 PM ET Mon-Fri Snapchat: jblaudio,,,,,,,,,,,,,
msPartner,Microsoft Partner,"Microsoft Partner news, success stories and resources. Let’s achieve more, together. #msPartner",,,,,,,,,,,,,
AirbusGroup,Airbus Group,"#AirbusGroup is a global leader in #aeronautics, #space and related services. Official Account. #WeMakeItFly",,,,,,,,,,,,,
GoogleDisplay,GoogleDisplayNetwork,"Google Display & Video -- Get the latest in industry news, data and trends in display and video advertising",,,,,,,,,,,,,
Funnyoneliners,FunnyOneLiners,Showcasing the best jokes by the best writers on Twitter since 2008.,,,,,,,,,,,,,
mozilla,Mozilla,A non-profit with one mission: defend the free and open web.,,,,,,,,,,,,,
Wikipedia,Wikipedia,"The official Twitter account for the sum of all knowledge, Wikipedia. Overseen by @jeffelder.",,,,,,,,,,,,,
ten_sports,Ten Sports,Leading #Sports Network in the Indian subcontinent. Follow us to get updates on #Cricket #Football #WWE #Tennis #Golf #MotoGP #Athletics & more.,,,,,,,,,,,,,
SkodaIndia,ŠKODA India,Welcome to the official #SKODA India Twitter Profile. #SimplyClever,,,,,,,,,,,,,
AsimBajwaISPR,Gen Asim Bajwa,Director General ISPR. Tweets do not necessarily reflect policy of the organization https://www.facebook.com/AsimBajwaISPR /,,,,,,,,,,,,,
DrKumarVishwas,Dr Kumar Vishvas,"Official Twitter Account Of Dr Kumar Vishwas (The Poet) Koi Deewana Kehta Hai,Koi Pagal Samajhta Hai, Magar Dharti ki bechaini ko bas badal samajhta hai",,,,,,,,,,,,,
jetairways,Jet Airways,The official Twitter account of Jet Airways. Follow us for interesting updates and information!,,,,,,,,,,,,,
shoppersstop,Shoppers Stop,Welcome to Shoppers Stop's official Twitter feed! Follow us to keep up with the latest in fashion :),,,,,,,,,,,,,
HondaCarIndia,Honda Car India,Welcome to the official twitter account of Honda Cars India Ltd,,,,,,,,,,,,,
drramansingh,Dr Raman Singh,"The official Twitter Account of Dr. Raman Singh, Chief Minister, Chhattisgarh, India.
RTs do not imply endorsement",,,,,,,,,,,,,
naqvimukhtar,Mukhtar Abbas Naqvi,"I am Mukhtar Abbas Naqvi, Union Minister of State for Minority Affairs
 ( Independent Charge ) & Parliamentary Affairs  Govt. of India. views personal.",,,,,,,,,,,,,
realshoaibmalik,Shoaib Malik,"Athlete with mad cricketing skills, dapper to the D, Philanthropist, & (most proudly) served as captain of Pakistan #iBleedGreen. Business/PR manager @ameemhaq",,,,,,,,,,,,,
Kailashkher,Kailash Kher,"Madness Personified,Passion Intense, ????? ?????? ??? ??????? ??????? ???",,,,,,,,,,,,,
khushsundar,khushbusundar,AICC-National spokesperson..Sum1 who believes in equal rights 4 every1 2 live wid dignity..an atheist at heart..love 2 live wid my loved 1s every moment??,,,,,,,,,,,,,
fakingnews,Faking News,Indian news satire website,,,,,,,,,,,,,
NameisNani,Nani,A-R-T-I-S-T,,,,,,,,,,,,,
ZeeTV,Zee TV,Har Lamha Nayi Ummeed https://www.facebook.com/ZeeTvIndia,,,,,,,,,,,,,
nodejs,Node.js,The Node.js JavaScript Runtime,,,,,,,,,,,,,
PIRegistry,Public Interest Reg.,"Helping empower, through the Internet, those who dedicate themselves to improving our world. We're the people behind the .ORG, .NGO and .ONG domain names.",,,,,,,,,,,,,
itsaadee,Atif Aslam,Living my dreams.,,,,,,,,,,,,,
VOGUEIndia,VOGUE India,"You are cordially invited to Vogue India's celebration of fashion, beauty, trends and Bollywood. Here's where we break the latest!",,,,,,,,,,,,,
mygovindia,MyGovIndia,"Citizen engagement platform of GoI, giving people the opportunity to work towards Surajya through their ideas, suggestions & grass root level contribution.",,,,,,,,,,,,,
iamsanthanam,Santhanam,Actor,,,,,,,,,,,,,
MaryamNSharif,Maryam Nawaz Sharif,MA Eng Lit. It is a strange desire to seek power and to lose liberty;By pains men come to greater pains. Uneasy lies the head that wears the crown~Francis Bacon,,,,,,,,,,,,,
ManishPaul03,Manish Paul,"actor/host...manishpaul24@yahoo.co.in...http://facebook.com/ManishPaul03 ,http://youtube.com/ManishPaulOffi…",,,,,,,,,,,,,
BLACKCAPS,BLACKCAPS,Official BLACKCAPS and New Zealand Cricket tweets. #BACKTHEBLACKCAPS About us: http://bit.ly/backtheblackcaps,,,,,,,,,,,,,
Jemima_Khan,Jemima Goldsmith,A toe in the water. Now I'm up to my neck.                   Instagram: khanjemima,,,,,,,,,,,,,
MicrosoftIndia,Microsoft India,Welcome to the official Twitter account of Microsoft India!,,,,,,,,,,,,,
ncbn,N Chandrababu Naidu,"Chief Minister, Andhra Pradesh | President, Telugu Desam Party | Member of Legislative Assembly, Kuppam",,,,,,,,,,,,,
PizzaHutIN,Pizza Hut India,The official Twitter page for Pizza Hut India. Facebook: https://www.facebook.com/pizzahutindia,,,,,,,,,,,,,
TwitterData,Twitter Data,"Data-driven insights about notable moments and conversations from Twitter, Inc., plus tips and tricks to help you get the most out of Twitter data.",,,,,,,,,,,,,
ErosNow,Eros Now,Log on to http://erosnow.com for your daily dose of blockbuster movies & music. Now enjoy Movies & unlimited Music for FREE! Download the app now!,,,,,,,,,,,,,
kartikmurali,Kartik Murali,"Indian Cricketer, Avid Reader, Travel Enthusiast,Culturist, Amateur Golfer",,,,,,,,,,,,,
BrainyQuote,BrainyQuote,"BrainyQuote is the web's largest, most user-friendly quotation site. Get our amazing app: http://apple.co/1Fou1Q0",,,,,,,,,,,,,
MEAIndia,Vikas Swarup,"Official Spokesperson, Ministry of External Affairs, India. #Alert : #Passport issues may kindly be addressed to ? @CPVIndia @passportsevamea",,,,,,,,,,,,,
Chinmayi,Chinmayi Sripaada,Singer / CEO Blue Elephant / Linguist / VO Artiste / Erstwhile RJ & TV Host Fortune/US State Dept Alumna RT ? endorsement,,,,,,,,,,,,,
AVGFree,AVGFree,The Official Twitter account for AVG Technologies. Our award winning products let you be yourself on #PCs #iPhone and #Android devices,,,,,,,,,,,,,
RobinSharma,Robin Sharma,#1 Bestselling Author of The Leader Who Had No Title + Founder of The Titan Academy + Humanitarian / Download my FREE eBook at http://robinsharma.com,,,,,,,,,,,,,
HamidMirGEO,Hamid Mir,Journalist and Author not Anchor,,,,,,,,,,,,,
jquery,jQuery,"Write less, do more. Official news and updates from the jQuery team.",,,,,,,,,,,,,
TalkAndroid,Talk Android,"Latest Android news, applications, interviews and rumors! Join in the Android community @ http://androidforum.com/",,,,,,,,,,,,,
Martina,Martina Navratilova,"Married with a great family :),used to play tennis,now just talk about it. Like to talk politics, though some would rather I stick to tennis:).No chance!!!",,,,,,,,,,,,,
MIB_India,MIB India,"This is the official twitter account of Ministry of Information and Broadcasting, Government of India.",,,,,,,,,,,,,
MongoDB,MongoDB,For the ones who dream big & think ahead to create the things we can’t live without. MongoDB for #GIANTideas.,,,,,,,,,,,,,
bookmyshow,BookMyShow,"India's Largest Entertainment Central Movies tickets, Concert tickets, Events tickets, Theatre tickets and Sports tickets. For queries tweet to @bookmyshow_sup",,,,,,,,,,,,,
MicrosoftPress,Microsoft Press,The official account for Microsoft Press. Proudly publishing technical books since 1984. Welcome!,,,,,,,,,,,,,
mubasherlucman,Mubasher Lucman,Mubasher Lucman is currently on the top of anchorpersons index in Pakistan & specializes in Investigative Journalism. He currently hosts  program Khara Sach.,,,,,,,,,,,,,
droid_life,Droid Life,"We do Android news, there is pink involved.",,,,,,,,,,,,,
Toyota_India,Toyota India,"The Toyota philosophy is based on putting Customers First, Quality, Dependability and Reliability of its products.Follow us for interesting updates.",,,,,,,,,,,,,
actorvijay,Vijay,The Official Page of Ilayathalapathy Vijay,,,,,,,,,,,,,
Actor_Vivek,Vivekh actor,Actor.Padmashree awardee by indian govt.Done 400+movies.Hav done 27.38lakhs tree plantings so far.Target 1 cr trees.Goes by the guidance of abdul kalam ayya,,,,,,,,,,,,,
VasundharaBJP,Vasundhara Raje,"Official Twitter account of Vasundhara Raje, Chief Minister of Rajasthan, India.",,,,,,,,,,,,,
root66,Joe Root,"Cricketer, Blades fan, love music and of course golf! ambassador for New Balance, Vitality, M Line, Pinseekerz and Village hotels.",,,,,,,,,,,,,
finkd,Mark Zuckerberg,,,,,,,,,,,,,,
Fastrack,Fastrack,India's most loved youth fashion brand!,,,,,,,,,,,,,
kapoorkkunal,kunal kapoor,Tall,,,,,,,,,,,,,
immancomposer,D.IMMAN,hi..i'm d.imman music composer...music is what i breathe,,,,,,,,,,,,,
DhivyaDharshini,DD Neelakandan,Television Anchor n a travel lover..simple life wit lot of smile...,,,,,,,,,,,,,
ZeeCafe,Zee Cafe,The best of english entertainment.  24*7. 365 days of the year!,,,,,,,,,,,,,
OnePlus_IN,OnePlus India,We make smartphones. Help us make them the best the world has seen.,,,,,,,,,,,,,
ETCBollywood,ETC Bollywood,"We bring you Bollywood news. Before it becomes news. Behind the scenes, exclusive images, box-office updates, first look of films, its all here!",,,,,,,,,,,,,
SkyCricket,Sky Sports Cricket,The official Twitter feed of the Sky Sports Cricket Team,,,,,,,,,,,,,
finnysteve,Steven Finn,Cricketer - Instagram @finnysteve,,,,,,,,,,,,,
WayneParnell,Wayne Parnell,South African Muslim. Husband. Cricketer. Food and Coffee lover. instagram: @parnyboy_7 snapchat: parnivore .. enquiries info@msicommunications.co.za,,,,,,,,,,,,,
quizderek,Derek O'Brien,"Member of Parliament from Bengal | Trinamool Congress Parliamentary Party Leader (RS) & Chief National Spokesperson | CEO, Derek O'Brien & Associates",,,,,,,,,,,,,
virsanghvi,vir sanghvi,"Journalist, TV anchor",,,,,,,,,,,,,
IEEEorg,IEEE,Advancing technological innovation and excellence for the benefit of humanity. View the IEEE social media terms and conditions: http://bit.ly/ieee-tc,,,,,,,,,,,,,
UNGeneva,UN Geneva,"Official account of the United Nations Office at Geneva (#UNOG). Also http://www.facebook.com/UNGeneva, http://Instagram.com/ungeneva, Director-General @UNOG_DG",,,,,,,,,,,,,
VisitAbuDhabi,Visit Abu Dhabi,"Follow us and discover the true treasures #InAbuDhabi |  
??????? ??????? ??????? ???????? #??_??????",,,,,,,,,,,,,
PrabhuChawla,Prabhu Chawla,"Based in New Delhi ,Editorial Director, The New Indian Express and The Sunday Standard. CEO, Eventxpress Managmnt Services. Tweets personal. RT not endorsmnt",,,,,,,,,,,,,
Microsoft_EDU,Microsoft Education,Empowering every student and educator to achieve more with the best of Microsoft tips and resources for education. #MSFTEDU,,,,,,,,,,,,,
DeShobhaa,Shobhaa De,"Journalist, columnist, social commentator, opinion-shaper and author of 18 books.",,,,,,,,,,,,,
IndianDiplomacy,Indian Diplomacy,"Official Account of #India's Public Diplomacy, Ministry of External Affairs @MEAIndia. Engagement through #digitaldiplomacy.",,,,,,,,,,,,,
ZEECorporate,ZEE,The official page for Zee Entertainment Enterprises Ltd. (ZEE).,,,,,,,,,,,,,
applestreem,Apple Streem,"Tweets on Apple news, rumors, insights and reviews from popular Apple Blogs with other viral internet reads. 

Note : This is not an official Apple account.",,,,,,,,,,,,,
ianuragthakur,Lt. Anurag Thakur,"Lieutenant of the Territorial Army, 3rd term Member of Parliament (LS), President-BCCI, President BJP's Youth Wing & Chairman-Parliamentary Committee on IT",,,,,,,,,,,,,
warnerbrosindia,Warner Bros. India,"The Official Twitter handle for Warner Bros.in India, Hollywood's No. 1 Studio bringing you the best in Entertainment since 1923 http://www.facebook.com/WarnerBrosIndia",,,,,,,,,,,,,
thenewshour,THE NEWSHOUR,"If it's 9:00 pm, it's Arnab.   Watch The NewsHour with Arnab Goswami on @TimesNow, India's most watched English news channel.",,,,,,,,,,,,,
iTIGERSHROFF,Tiger Shroff,,,,,,,,,,,,,,
Vedhika4u,Vedhika,Actor,,,,,,,,,,,,,
iPoonampandey,Poonam Pandey,"OFFICIAL account of PoonamPandey. Model & Actress from Mumbai, Instagram : ipoonampandey Puuhrulz@gmail.com Snapchat: ipoonampandey",,,,,,,,,,,,,
REALsaeedajmal,Saeed Ajmal,Pakistani International Cricket Player. For World wide Commercial & Cricketing info please contact mo@icassociation.co.uk -Tel UK: 07515875525 - @icassociation,,,,,,,,,,,,,
IndSuperLeague,Indian Super League,"The OFFICIAL Twitter Page of Hero Indian Super League. Follow us for all the latest from #HeroISL. C'mon India, #LetsFootball!",,,,,,,,,,,,,
FlySWISS,Swiss Intl Air Lines,"Official twitter account of Switzerland's national airline. SWISS in CH @FlySWISS_CH, in the USA @FlySWISS_US, SWISS Cargo @SwissWorldCargo",,,,,,,,,,,,,
gauravkapur,Gaurav Kapur,I am you. But worse.,,,,,,,,,,,,,
shaunmarsh9,shaun marsh,"Mitch is my brother. Apologies in advance. @CricketAus @waca_cricket @ScorchersBBL @lionsdenkxip

Instagram: shaunmarsh9",,,,,,,,,,,,,
